graph	algo	n	m	rn	rm	gm	rgm	seed
ABACUS_shell_hd.mtx.hgr.random100	reduce8	23412	23412	8717	8776	285036	70937	1
ABACUS_shell_hd.mtx.hgr.random100	reduce8	23412	23412	8717	8776	285036	70937	21
ABACUS_shell_hd.mtx.hgr.random100	reduce8	23412	23412	8717	8776	285036	70937	203
ABACUS_shell_hd.mtx.hgr.random100	reduce8	23412	23412	8717	8776	285036	70937	1002
as-22july06.mtx.hgr.random100	reduce8	22963	22963	0	0	11087884	0	1
as-22july06.mtx.hgr.random100	reduce8	22963	22963	0	0	11087884	0	21
as-22july06.mtx.hgr.random100	reduce8	22963	22963	0	0	11087884	0	203
as-22july06.mtx.hgr.random100	reduce8	22963	22963	0	0	11087884	0	1002
as-caida.mtx.hgr.random100	reduce8	31379	26475	0	0	13427236	0	1
as-caida.mtx.hgr.random100	reduce8	31379	26475	0	0	13427236	0	21
as-caida.mtx.hgr.random100	reduce8	31379	26475	0	0	13427236	0	203
as-caida.mtx.hgr.random100	reduce8	31379	26475	0	0	13427236	0	1002
BenElechi1.mtx.hgr.random100	reduce8	245874	245874	24225	24311	18007735	246081	1
BenElechi1.mtx.hgr.random100	reduce8	245874	245874	24225	24311	18007735	246081	21
bips07_1998.mtx.hgr.random100	reduce8	15066	15066	62	62	76639	62	1
BenElechi1.mtx.hgr.random100	reduce8	245874	245874	24225	24311	18007735	246081	203
bips07_1998.mtx.hgr.random100	reduce8	15066	15066	62	62	76639	62	21
BenElechi1.mtx.hgr.random100	reduce8	245874	245874	24225	24311	18007735	246081	1002
bips07_1998.mtx.hgr.random100	reduce8	15066	15066	62	62	76639	62	203
bips07_1998.mtx.hgr.random100	reduce8	15066	15066	62	62	76639	62	1002
bloweya.mtx.hgr.random100	reduce8	30004	30004	0	0	50165003	0	1
bloweya.mtx.hgr.random100	reduce8	30004	30004	0	0	50165003	0	21
bloweya.mtx.hgr.random100	reduce8	30004	30004	0	0	50165003	0	203
ca-CondMat.mtx.hgr.random100	reduce8	23133	23133	0	0	1166152	0	1
bloweya.mtx.hgr.random100	reduce8	30004	30004	0	0	50165003	0	1002
ca-CondMat.mtx.hgr.random100	reduce8	23133	23133	0	0	1166152	0	21
ca-CondMat.mtx.hgr.random100	reduce8	23133	23133	0	0	1166152	0	203
ca-CondMat.mtx.hgr.random100	reduce8	23133	23133	0	0	1166152	0	1002
c-64.mtx.hgr.random100	reduce8	51035	51035	0	0	77477503	0	1
c-64.mtx.hgr.random100	reduce8	51035	51035	0	0	77477503	0	21
c-64.mtx.hgr.random100	reduce8	51035	51035	0	0	77477503	0	203
c-64.mtx.hgr.random100	reduce8	51035	51035	0	0	77477503	0	1002
Chem97Zt.mtx.hgr.random100.rendered	reduce8	31022	2541	0	0	6477155	0	1
Chem97Zt.mtx.hgr.random100.rendered	reduce8	31022	2541	0	0	6477155	0	21
Chem97Zt.mtx.hgr.random100.rendered	reduce8	31022	2541	0	0	6477155	0	203
Chem97Zt.mtx.hgr.random100.rendered	reduce8	31022	2541	0	0	6477155	0	1002
case39.mtx.hgr.random100.rendered	reduce8	40216	40216	0	0	202332534	0	1
case39.mtx.hgr.random100.rendered	reduce8	40216	40216	0	0	202332534	0	21
case39.mtx.hgr.random100.rendered	reduce8	40216	40216	0	0	202332534	0	203
case39.mtx.hgr.random100.rendered	reduce8	40216	40216	0	0	202332534	0	1002
crystk02.mtx.hgr.random100.lg.metis	reduce8	1955868	13965	0	0	8612475	0	1
crystk02.mtx.hgr.random100.lg.metis	reduce8	1955868	13965	0	0	8612475	0	21
crystk02.mtx.hgr.random100.lg.metis	reduce8	1955868	13965	0	0	8612475	0	203
crystk02.mtx.hgr.random100.lg.metis	reduce8	1955868	13965	0	0	8612475	0	1002
dac2012_superblue11.hgr.random100	reduce8	952507	935731	91365	98828	48087605	1116473	1
dac2012_superblue11.hgr.random100	reduce8	952507	935731	91365	98828	48087605	1116473	21
dac2012_superblue11.hgr.random100	reduce8	952507	935731	91365	98828	48087605	1116473	203
dac2012_superblue11.hgr.random100	reduce8	952507	935731	91365	98828	48087605	1116473	1002
dac2012_superblue16.hgr.random100	reduce8	698339	697458	94070	95857	26888875	500535	1
dac2012_superblue16.hgr.random100	reduce8	698339	697458	94070	95857	26888875	500535	21
dac2012_superblue16.hgr.random100	reduce8	698339	697458	94070	95857	26888875	500535	203
dac2012_superblue16.hgr.random100	reduce8	698339	697458	94070	95857	26888875	500535	1002
dac2012_superblue12.hgr.random100	reduce8	1291931	1293436	330820	307284	247547156	3939133	1
dac2012_superblue12.hgr.random100	reduce8	1291931	1293436	330820	307284	247547156	3939133	21
dac2012_superblue12.hgr.random100	reduce8	1291931	1293436	330820	307284	247547156	3939133	203
dac2012_superblue12.hgr.random100	reduce8	1291931	1293436	330820	307284	247547156	3939133	1002
dac2012_superblue14.hgr.random100	reduce8	630802	619815	121292	112269	74163031	4321812	1
dac2012_superblue14.hgr.random100	reduce8	630802	619815	121292	112269	74163031	4321812	21
dac2012_superblue14.hgr.random100	reduce8	630802	619815	121292	112269	74163031	4321812	203
dac2012_superblue14.hgr.random100	reduce8	630802	619815	121292	112269	74163031	4321812	1002
dac2012_superblue2.hgr.random100	reduce8	1010321	990899	211913	215420	48124327	2767730	1
dac2012_superblue2.hgr.random100	reduce8	1010321	990899	211913	215420	48124327	2767730	21
dac2012_superblue2.hgr.random100	reduce8	1010321	990899	211913	215420	48124327	2767730	203
dac2012_superblue2.hgr.random100	reduce8	1010321	990899	211913	215420	48124327	2767730	1002
dac2012_superblue3.hgr.random100	reduce8	917944	898001	162774	116748	86779664	13565566	1
dac2012_superblue3.hgr.random100	reduce8	917944	898001	162774	116748	86779664	13565566	21
dac2012_superblue3.hgr.random100	reduce8	917944	898001	162774	116748	86779664	13565566	203
dac2012_superblue3.hgr.random100	reduce8	917944	898001	162774	116748	86779664	13565566	1002
Chebyshev4.mtx.hgr.random100.rendered	reduce8	68121	68121	0	0	2320201260	0	1
Chebyshev4.mtx.hgr.random100.rendered	reduce8	68121	68121	0	0	2320201260	0	21
dac2012_superblue6.hgr.random100	reduce8	1011662	1006629	212949	198390	94699919	11358247	1
Chebyshev4.mtx.hgr.random100.rendered	reduce8	68121	68121	0	0	2320201260	0	1002
dictionary28.mtx.hgr.random100	reduce8	52652	39327	2640	3787	481799	15343	1
dac2012_superblue6.hgr.random100	reduce8	1011662	1006629	212949	198390	94699919	11358247	21
Chebyshev4.mtx.hgr.random100.rendered	reduce8	68121	68121	0	0	2320201260	0	203
dictionary28.mtx.hgr.random100	reduce8	52652	39327	2640	3787	481799	15343	21
dictionary28.mtx.hgr.random100	reduce8	52652	39327	2640	3787	481799	15343	203
dac2012_superblue6.hgr.random100	reduce8	1011662	1006629	212949	198390	94699919	11358247	203
dictionary28.mtx.hgr.random100	reduce8	52652	39327	2640	3787	481799	15343	1002
dac2012_superblue6.hgr.random100	reduce8	1011662	1006629	212949	198390	94699919	11358247	1002
ex19.mtx.hgr.random100	reduce8	12005	12005	0	0	484689	0	1
ex19.mtx.hgr.random100	reduce8	12005	12005	0	0	484689	0	21
ex19.mtx.hgr.random100	reduce8	12005	12005	0	0	484689	0	203
ex19.mtx.hgr.random100	reduce8	12005	12005	0	0	484689	0	1002
fd18.mtx.hgr.random100	reduce8	16428	16428	13360	13612	99387	80898	1
fd18.mtx.hgr.random100	reduce8	16428	16428	13360	13612	99387	80898	21
fd18.mtx.hgr.random100	reduce8	16428	16428	13360	13612	99387	80898	203
fd18.mtx.hgr.random100	reduce8	16428	16428	13360	13612	99387	80898	1002
g7jac040sc.mtx.hgr.random100	reduce8	11790	11790	2061	2256	282665	5582	1
g7jac040sc.mtx.hgr.random100	reduce8	11790	11790	2061	2256	282665	5582	21
g7jac040sc.mtx.hgr.random100	reduce8	11790	11790	2061	2256	282665	5582	203
g7jac040sc.mtx.hgr.random100	reduce8	11790	11790	2061	2256	282665	5582	1002
dac2012_superblue7.hgr.random100	reduce8	1360217	1340418	150771	122825	153714989	5391757	203
garon2.mtx.hgr.random100	reduce8	13535	13535	3647	1451	725467	44659	1
dac2012_superblue7.hgr.random100	reduce8	1360217	1340418	150771	122825	153714989	5391757	1002
garon2.mtx.hgr.random100	reduce8	13535	13535	3647	1451	725467	44659	21
garon2.mtx.hgr.random100	reduce8	13535	13535	3647	1451	725467	44659	203
dac2012_superblue7.hgr.random100	reduce8	1360217	1340418	150771	122825	153714989	5391757	1
dac2012_superblue7.hgr.random100	reduce8	1360217	1340418	150771	122825	153714989	5391757	21
garon2.mtx.hgr.random100	reduce8	13535	13535	3647	1451	725467	44659	1002
ISPD98_ibm11.hgr.random100	reduce8	70558	81454	34329	33959	508442	209060	1
ISPD98_ibm11.hgr.random100	reduce8	70558	81454	34329	33959	508442	209060	21
ISPD98_ibm11.hgr.random100	reduce8	70558	81454	34329	33959	508442	209060	203
IMDB.mtx.hgr.random100	reduce8	896308	303617	0	0	57064358	0	1
ISPD98_ibm11.hgr.random100	reduce8	70558	81454	34329	33959	508442	209060	1002
IMDB.mtx.hgr.random100	reduce8	896308	303617	0	0	57064358	0	21
ISPD98_ibm12.hgr.random100	reduce8	71076	77240	25007	23567	748371	178118	1
IMDB.mtx.hgr.random100	reduce8	896308	303617	0	0	57064358	0	203
ISPD98_ibm12.hgr.random100	reduce8	71076	77240	25007	23567	748371	178118	21
IMDB.mtx.hgr.random100	reduce8	896308	303617	0	0	57064358	0	1002
ISPD98_ibm12.hgr.random100	reduce8	71076	77240	25007	23567	748371	178118	203
ISPD98_ibm12.hgr.random100	reduce8	71076	77240	25007	23567	748371	178118	1002
lhr14.mtx.hgr.random100	reduce8	14270	14270	15	16	572463	20	1
lhr14.mtx.hgr.random100	reduce8	14270	14270	15	16	572463	20	21
lhr14.mtx.hgr.random100	reduce8	14270	14270	15	16	572463	20	203
lhr14.mtx.hgr.random100	reduce8	14270	14270	15	16	572463	20	1002
lp_pds_20.mtx.hgr.random100	reduce8	108175	33798	60816	16934	1325891	626886	1
lp_pds_20.mtx.hgr.random100	reduce8	108175	33798	60816	16934	1325891	626886	21
lp_pds_20.mtx.hgr.random100	reduce8	108175	33798	60816	16934	1325891	626886	203
lp_pds_20.mtx.hgr.random100	reduce8	108175	33798	60816	16934	1325891	626886	1002
msc10848.mtx.hgr.random100	reduce8	10848	10848	121	113	3087399	285	1
msc10848.mtx.hgr.random100	reduce8	10848	10848	121	113	3087399	285	21
m14b.mtx.hgr.random100	reduce8	214765	214765	180553	199145	8084826	5759682	1
m14b.mtx.hgr.random100	reduce8	214765	214765	180553	199145	8084826	5759682	21
msc10848.mtx.hgr.random100	reduce8	10848	10848	121	113	3087399	285	203
m14b.mtx.hgr.random100	reduce8	214765	214765	180553	199145	8084826	5759682	203
msc10848.mtx.hgr.random100	reduce8	10848	10848	121	113	3087399	285	1002
m14b.mtx.hgr.random100	reduce8	214765	214765	180553	199145	8084826	5759682	1002
NotreDame_actors.mtx.hgr.random100	reduce8	127823	383640	10770	14952	20490112	99421	1
NotreDame_actors.mtx.hgr.random100	reduce8	127823	383640	10770	14952	20490112	99421	21
NotreDame_actors.mtx.hgr.random100	reduce8	127823	383640	10770	14952	20490112	99421	203
NotreDame_actors.mtx.hgr.random100	reduce8	127823	383640	10770	14952	20490112	99421	1002
pdb1HYS.mtx.hgr.random100	reduce8	36417	36417	6899	8619	9779082	495181	1
pdb1HYS.mtx.hgr.random100	reduce8	36417	36417	6899	8619	9779082	495181	21
poli3.mtx.hgr.random100	reduce8	16955	16955	0	0	350534	0	1
pdb1HYS.mtx.hgr.random100	reduce8	36417	36417	6899	8619	9779082	495181	203
poli3.mtx.hgr.random100	reduce8	16955	16955	0	0	350534	0	21
pdb1HYS.mtx.hgr.random100	reduce8	36417	36417	6899	8619	9779082	495181	1002
poli3.mtx.hgr.random100	reduce8	16955	16955	0	0	350534	0	203
poli3.mtx.hgr.random100	reduce8	16955	16955	0	0	350534	0	1002
psse2.mtx.hgr.random100	reduce8	11028	28634	18	18	41162	18	1
psse2.mtx.hgr.random100	reduce8	11028	28634	18	18	41162	18	21
psse2.mtx.hgr.random100	reduce8	11028	28634	18	18	41162	18	203
psse2.mtx.hgr.random100	reduce8	11028	28634	18	18	41162	18	1002
kron_g500-logn16.mtx.hgr.random100.rendered	reduce8	65536	55321	0	0	486364995	0	1
rgg_n_2_18_s0.mtx.hgr.random100	reduce8	262144	262141	150322	171201	4458577	1489136	1
kron_g500-logn16.mtx.hgr.random100.rendered	reduce8	65536	55321	0	0	486364995	0	21
rgg_n_2_18_s0.mtx.hgr.random100	reduce8	262144	262141	150322	171201	4458577	1489136	21
sat14_6s11-opt.cnf.hgr.random100	reduce8	66552	97312	4354	5308	161684	6342	1
kron_g500-logn16.mtx.hgr.random100.rendered	reduce8	65536	55321	0	0	486364995	0	203
mult_dcop_01.mtx.hgr.random100.rendered	reduce8	25187	25187	0	0	259188097	0	1
rgg_n_2_18_s0.mtx.hgr.random100	reduce8	262144	262141	150322	171201	4458577	1489136	203
sat14_6s11-opt.cnf.hgr.random100	reduce8	66552	97312	4354	5308	161684	6342	21
kron_g500-logn16.mtx.hgr.random100.rendered	reduce8	65536	55321	0	0	486364995	0	1002
mult_dcop_01.mtx.hgr.random100.rendered	reduce8	25187	25187	0	0	259188097	0	21
rgg_n_2_18_s0.mtx.hgr.random100	reduce8	262144	262141	150322	171201	4458577	1489136	1002
sat14_6s11-opt.cnf.hgr.random100	reduce8	66552	97312	4354	5308	161684	6342	203
mult_dcop_01.mtx.hgr.random100.rendered	reduce8	25187	25187	0	0	259188097	0	203
sat14_6s11-opt.cnf.hgr.random100	reduce8	66552	97312	4354	5308	161684	6342	1002
mult_dcop_01.mtx.hgr.random100.rendered	reduce8	25187	25187	0	0	259188097	0	1002
sat14_6s12.cnf.hgr.random100	reduce8	68066	99580	10360	13150	165345	15807	1
sat14_6s12.cnf.hgr.random100	reduce8	68066	99580	10360	13150	165345	15807	21
sat14_6s12.cnf.hgr.random100	reduce8	68066	99580	10360	13150	165345	15807	203
sat14_6s12.cnf.hgr.random100	reduce8	68066	99580	10360	13150	165345	15807	1002
sat14_6s130-opt.cnf.hgr.random100	reduce8	98654	144361	5623	7075	240044	7987	1
sat14_6s130-opt.cnf.hgr.random100	reduce8	98654	144361	5623	7075	240044	7987	21
sat14_6s130-opt.cnf.hgr.random100	reduce8	98654	144361	5623	7075	240044	7987	203
sat14_6s130-opt.cnf.hgr.random100	reduce8	98654	144361	5623	7075	240044	7987	1002
sat14_6s130-opt.cnf.primal.hgr.random100	reduce8	49327	144361	20587	20693	137440	42535	1
sat14_6s130-opt.cnf.primal.hgr.random100	reduce8	49327	144361	20587	20693	137440	42535	21
sat14_6s130-opt.cnf.primal.hgr.random100	reduce8	49327	144361	20587	20693	137440	42535	203
sat14_6s130-opt.cnf.primal.hgr.random100	reduce8	49327	144361	20587	20693	137440	42535	1002
sat14_6s133.cnf.primal.hgr.random100	reduce8	48215	140968	21995	22143	133638	44039	1
sat14_6s133.cnf.primal.hgr.random100	reduce8	48215	140968	21995	22143	133638	44039	21
sat14_6s133.cnf.primal.hgr.random100	reduce8	48215	140968	21995	22143	133638	44039	203
sat14_6s133.cnf.primal.hgr.random100	reduce8	48215	140968	21995	22143	133638	44039	1002
sat14_6s16.cnf.primal.hgr.random100	reduce8	31483	91888	15793	16236	87393	32700	1
sat14_6s16.cnf.primal.hgr.random100	reduce8	31483	91888	15793	16236	87393	32700	21
sat14_6s16.cnf.primal.hgr.random100	reduce8	31483	91888	15793	16236	87393	32700	203
sat14_6s16.cnf.primal.hgr.random100	reduce8	31483	91888	15793	16236	87393	32700	1002
sat14_6s184.cnf.hgr.random100	reduce8	66730	97516	10980	13984	161898	17833	1
sat14_6s184.cnf.hgr.random100	reduce8	66730	97516	10980	13984	161898	17833	21
sat14_6s184.cnf.hgr.random100	reduce8	66730	97516	10980	13984	161898	17833	203
sat14_6s184.cnf.hgr.random100	reduce8	66730	97516	10980	13984	161898	17833	1002
sat14_ACG-20-10p1.cnf.dual.hgr.random100	reduce8	1632906	381708	1037403	368559	30673242	10169945	1
sat14_ACG-20-10p1.cnf.dual.hgr.random100	reduce8	1632906	381708	1037403	368559	30673242	10169945	21
sat14_AProVE07-27.cnf.dual.hgr.random100	reduce8	29194	7729	4497	3843	5967170	16714	1
sat14_ACG-20-10p1.cnf.dual.hgr.random100	reduce8	1632906	381708	1037403	368559	30673242	10169945	203
sat14_ACG-20-10p1.cnf.dual.hgr.random100	reduce8	1632906	381708	1037403	368559	30673242	10169945	1002
sat14_AProVE07-27.cnf.dual.hgr.random100	reduce8	29194	7729	4497	3843	5967170	16714	21
sat14_AProVE07-27.cnf.dual.hgr.random100	reduce8	29194	7729	4497	3843	5967170	16714	203
sat14_AProVE07-27.cnf.dual.hgr.random100	reduce8	29194	7729	4497	3843	5967170	16714	1002
sat14_bob12m09-opt.cnf.dual.hgr.random100	reduce8	152446	51144	101583	51141	10738809	2743101	1
sat14_bob12m09-opt.cnf.dual.hgr.random100	reduce8	152446	51144	101583	51141	10738809	2743101	21
sat14_dated-10-11-u.cnf.hgr.random100	reduce8	283720	629461	26977	89104	1163511	196866	1
sat14_atco_enc1_opt2_10_12.cnf.dual.hgr.random100	reduce8	147853	9495	58119	6362	65267498	10746763	1
sat14_bob12m09-opt.cnf.dual.hgr.random100	reduce8	152446	51144	101583	51141	10738809	2743101	203
sat14_dated-10-11-u.cnf.hgr.random100	reduce8	283720	629461	26977	89104	1163511	196866	21
sat14_atco_enc1_opt2_10_12.cnf.dual.hgr.random100	reduce8	147853	9495	58119	6362	65267498	10746763	21
sat14_bob12m09-opt.cnf.dual.hgr.random100	reduce8	152446	51144	101583	51141	10738809	2743101	1002
sat14_dated-10-11-u.cnf.hgr.random100	reduce8	283720	629461	26977	89104	1163511	196866	203
sat14_atco_enc1_opt2_10_12.cnf.dual.hgr.random100	reduce8	147853	9495	58119	6362	65267498	10746763	203
sat14_dated-10-11-u.cnf.hgr.random100	reduce8	283720	629461	26977	89104	1163511	196866	1002
sat14_atco_enc1_opt2_10_12.cnf.dual.hgr.random100	reduce8	147853	9495	58119	6362	65267498	10746763	1002
sat14_dated-10-17-u.cnf.hgr.random100	reduce8	459088	1070757	50155	209994	2036049	496220	1
sat14_dated-10-17-u.cnf.hgr.random100	reduce8	459088	1070757	50155	209994	2036049	496220	21
sat14_dated-10-17-u.cnf.hgr.random100	reduce8	459088	1070757	50155	209994	2036049	496220	203
sat14_dated-10-17-u.cnf.hgr.random100	reduce8	459088	1070757	50155	209994	2036049	496220	1002
sat14_E02F22.cnf.primal.hgr.random100	reduce8	13574	1301188	13450	70905	226138	222192	1
sat14_E02F22.cnf.primal.hgr.random100	reduce8	13574	1301188	13450	70905	226138	222192	21
sat14_manol-pipe-c10nid_i.cnf.primal.hgr.random100	reduce8	252516	750877	127694	131084	713279	272380	1
sat14_E02F22.cnf.primal.hgr.random100	reduce8	13574	1301188	13450	70905	226138	222192	203
sat14_E02F22.cnf.primal.hgr.random100	reduce8	13574	1301188	13450	70905	226138	222192	1002
sat14_manol-pipe-c10nid_i.cnf.primal.hgr.random100	reduce8	252516	750877	127694	131084	713279	272380	21
sat14_manol-pipe-c10nid_i.cnf.primal.hgr.random100	reduce8	252516	750877	127694	131084	713279	272380	203
sat14_manol-pipe-c10nid_i.cnf.primal.hgr.random100	reduce8	252516	750877	127694	131084	713279	272380	1002
sat14_MD5-30-5.cnf.dual.hgr.random100	reduce8	68103	8905	12890	8812	4878256	87671	1
sat14_MD5-30-5.cnf.dual.hgr.random100	reduce8	68103	8905	12890	8812	4878256	87671	21
sat14_MD5-30-5.cnf.dual.hgr.random100	reduce8	68103	8905	12890	8812	4878256	87671	203
sat14_MD5-30-5.cnf.dual.hgr.random100	reduce8	68103	8905	12890	8812	4878256	87671	1002
sat14_openstacks-p30_3.085-SAT.cnf.hgr.random100	reduce8	643132	1643601	67834	83836	11986190	1569168	1
sat14_openstacks-p30_3.085-SAT.cnf.hgr.random100	reduce8	643132	1643601	67834	83836	11986190	1569168	21
sat14_openstacks-p30_3.085-SAT.cnf.hgr.random100	reduce8	643132	1643601	67834	83836	11986190	1569168	203
sat14_openstacks-p30_3.085-SAT.cnf.hgr.random100	reduce8	643132	1643601	67834	83836	11986190	1569168	1002
sat14_atco_enc1_opt2_05_4.cnf.dual.hgr.random100	reduce8	386163	14636	126654	10519	363318742	20775991	1
sat14_atco_enc1_opt2_05_4.cnf.dual.hgr.random100	reduce8	386163	14636	126654	10519	363318742	20775991	21
sat14_atco_enc1_opt2_05_4.cnf.dual.hgr.random100	reduce8	386163	14636	126654	10519	363318742	20775991	203
sat14_atco_enc1_opt2_05_4.cnf.dual.hgr.random100	reduce8	386163	14636	126654	10519	363318742	20775991	1002
sat14_manol-pipe-c10nidw.cnf.dual.hgr.random100	reduce8	1291714	433601	860669	433296	100137024	25541952	1
sat14_manol-pipe-c10nidw.cnf.dual.hgr.random100	reduce8	1291714	433601	860669	433296	100137024	25541952	21
sat14_manol-pipe-c10nidw.cnf.dual.hgr.random100	reduce8	1291714	433601	860669	433296	100137024	25541952	203
sat14_q_query_3_L100_coli.sat.cnf.primal.hgr.random100	reduce8	315617	1522583	222727	589405	1654773	1231856	1
sat14_manol-pipe-c10nidw.cnf.dual.hgr.random100	reduce8	1291714	433601	860669	433296	100137024	25541952	1002
sat14_q_query_3_L100_coli.sat.cnf.primal.hgr.random100	reduce8	315617	1522583	222727	589405	1654773	1231856	21
sat14_q_query_3_L100_coli.sat.cnf.primal.hgr.random100	reduce8	315617	1522583	222727	589405	1654773	1231856	203
sat14_q_query_3_L100_coli.sat.cnf.primal.hgr.random100	reduce8	315617	1522583	222727	589405	1654773	1231856	1002
sat14_q_query_3_L150_coli.sat.cnf.hgr.random100	reduce8	973984	2456708	122810	404702	5430512	614062	1
sat14_q_query_3_L150_coli.sat.cnf.hgr.random100	reduce8	973984	2456708	122810	404702	5430512	614062	21
sat14_q_query_3_L150_coli.sat.cnf.hgr.random100	reduce8	973984	2456708	122810	404702	5430512	614062	203
sat14_q_query_3_L150_coli.sat.cnf.hgr.random100	reduce8	973984	2456708	122810	404702	5430512	614062	1002
sat14_SAT_dat.k75-24_1_rule_3.cnf.primal.hgr.random100	reduce8	1213331	4754042	378400	394676	5626175	751416	1
sat14_SAT_dat.k75-24_1_rule_3.cnf.primal.hgr.random100	reduce8	1213331	4754042	378400	394676	5626175	751416	21
sat14_SAT_dat.k75-24_1_rule_3.cnf.primal.hgr.random100	reduce8	1213331	4754042	378400	394676	5626175	751416	203
sat14_SAT_dat.k75-24_1_rule_3.cnf.primal.hgr.random100	reduce8	1213331	4754042	378400	394676	5626175	751416	1002
sat14_SAT_dat.k85-24_1_rule_3.cnf.hgr.random100	reduce8	2712808	5395102	1462872	2666468	10949389	3659883	1
sat14_SAT_dat.k85-24_1_rule_3.cnf.hgr.random100	reduce8	2712808	5395102	1462872	2666468	10949389	3659883	21
sat14_SAT_dat.k85-24_1_rule_3.cnf.hgr.random100	reduce8	2712808	5395102	1462872	2666468	10949389	3659883	203
sat14_SAT_dat.k85-24_1_rule_3.cnf.hgr.random100	reduce8	2712808	5395102	1462872	2666468	10949389	3659883	1002
sat14_SAT_dat.k95-24_1_rule_3.cnf.primal.hgr.random100	reduce8	1540071	6036162	481040	501756	7142935	955036	1
sat14_SAT_dat.k95-24_1_rule_3.cnf.primal.hgr.random100	reduce8	1540071	6036162	481040	501756	7142935	955036	21
sat14_slp-synthesis-aes-top29.cnf.primal.hgr.random100	reduce8	94998	302862	0	0	6386470	0	1
sat14_SAT_dat.k95-24_1_rule_3.cnf.primal.hgr.random100	reduce8	1540071	6036162	481040	501756	7142935	955036	203
sat14_SAT_dat.k95-24_1_rule_3.cnf.primal.hgr.random100	reduce8	1540071	6036162	481040	501756	7142935	955036	1002
sat14_slp-synthesis-aes-top29.cnf.primal.hgr.random100	reduce8	94998	302862	0	0	6386470	0	21
sat14_slp-synthesis-aes-top29.cnf.primal.hgr.random100	reduce8	94998	302862	0	0	6386470	0	203
sat14_slp-synthesis-aes-top29.cnf.primal.hgr.random100	reduce8	94998	302862	0	0	6386470	0	1002
sat14_UCG-15-10p1.cnf.hgr.random100	reduce8	400006	1019221	55167	229689	2077960	546021	1
sat14_UCG-15-10p1.cnf.hgr.random100	reduce8	400006	1019221	55167	229689	2077960	546021	21
sat14_UCG-15-10p1.cnf.hgr.random100	reduce8	400006	1019221	55167	229689	2077960	546021	203
sat14_UCG-15-10p1.cnf.hgr.random100	reduce8	400006	1019221	55167	229689	2077960	546021	1002
sat14_UCG-15-10p1.cnf.primal.hgr.random100	reduce8	200003	1019221	155379	273436	1400466	853234	1
sat14_UCG-15-10p1.cnf.primal.hgr.random100	reduce8	200003	1019221	155379	273436	1400466	853234	21
sat14_UCG-15-10p1.cnf.primal.hgr.random100	reduce8	200003	1019221	155379	273436	1400466	853234	203
sat14_UCG-15-10p1.cnf.primal.hgr.random100	reduce8	200003	1019221	155379	273436	1400466	853234	1002
shermanACb.mtx.hgr.random100.rendered	reduce8	18510	18510	0	0	74214440	0	1
shermanACb.mtx.hgr.random100.rendered	reduce8	18510	18510	0	0	74214440	0	21
shermanACb.mtx.hgr.random100.rendered	reduce8	18510	18510	0	0	74214440	0	203
ship_001.mtx.hgr.random100	reduce8	34920	34920	3133	1505	12782809	96045	1
ship_001.mtx.hgr.random100	reduce8	34920	34920	3133	1505	12782809	96045	21
shermanACb.mtx.hgr.random100.rendered	reduce8	18510	18510	0	0	74214440	0	1002
ship_001.mtx.hgr.random100	reduce8	34920	34920	3133	1505	12782809	96045	203
ship_001.mtx.hgr.random100	reduce8	34920	34920	3133	1505	12782809	96045	1002
sls.mtx.hgr.random100	reduce8	62729	1748122	60640	1362532	2328114	1363267	1
sls.mtx.hgr.random100	reduce8	62729	1748122	60640	1362532	2328114	1363267	21
sls.mtx.hgr.random100	reduce8	62729	1748122	60640	1362532	2328114	1363267	203
sls.mtx.hgr.random100	reduce8	62729	1748122	60640	1362532	2328114	1363267	1002
soc-sign-epinions.mtx.hgr.random100	reduce8	131828	95318	0	0	37006897	0	1
soc-sign-epinions.mtx.hgr.random100	reduce8	131828	95318	0	0	37006897	0	21
soc-sign-epinions.mtx.hgr.random100	reduce8	131828	95318	0	0	37006897	0	203
soc-sign-epinions.mtx.hgr.random100	reduce8	131828	95318	0	0	37006897	0	1002
TSOPF_FS_b162_c3.mtx.hgr.random100.rendered	reduce8	30798	30798	0	0	116851989	0	1
TSOPF_FS_b162_c3.mtx.hgr.random100.rendered	reduce8	30798	30798	0	0	116851989	0	21
TSOPF_FS_b162_c3.mtx.hgr.random100.rendered	reduce8	30798	30798	0	0	116851989	0	203
xenon2.mtx.hgr.random100	reduce8	157464	157464	51656	58247	6939873	747917	1
TSOPF_FS_b162_c3.mtx.hgr.random100.rendered	reduce8	30798	30798	0	0	116851989	0	1002
xenon2.mtx.hgr.random100	reduce8	157464	157464	51656	58247	6939873	747917	21
xenon2.mtx.hgr.random100	reduce8	157464	157464	51656	58247	6939873	747917	203
xenon2.mtx.hgr.random100	reduce8	157464	157464	51656	58247	6939873	747917	1002
sat14_post-cbmc-aes-d-r2-noholes.cnf.dual.hgr.random100	reduce8	1607567	276895	664448	124761	453121947	104698736	1
sat14_post-cbmc-aes-d-r2-noholes.cnf.dual.hgr.random100	reduce8	1607567	276895	664448	124761	453121947	104698736	21
sat14_post-cbmc-aes-d-r2-noholes.cnf.dual.hgr.random100	reduce8	1607567	276895	664448	124761	453121947	104698736	203
sat14_post-cbmc-aes-d-r2-noholes.cnf.dual.hgr.random100	reduce8	1607567	276895	664448	124761	453121947	104698736	1002
dac2012_superblue9.hgr.random100	reduce8	844332	833808	95304	58696	217262717	8571157	1
sat14_post-cbmc-aes-ee-r2-noholes.cnf.dual.hgr.random100	reduce8	1575975	266199	661681	122512	446518601	104544352	1
sat14_post-cbmc-aes-ee-r2-noholes.cnf.dual.hgr.random100	reduce8	1575975	266199	661681	122512	446518601	104544352	21
sat14_post-cbmc-aes-ee-r2-noholes.cnf.dual.hgr.random100	reduce8	1575975	266199	661681	122512	446518601	104544352	1002
sat14_post-cbmc-aes-ee-r2-noholes.cnf.dual.hgr.random100	reduce8	1575975	266199	661681	122512	446518601	104544352	203
dac2012_superblue9.hgr.random100	reduce8	844332	833808	95304	58696	217262717	8571157	1002
dac2012_superblue9.hgr.random100	reduce8	844332	833808	95304	58696	217262717	8571157	203
dac2012_superblue9.hgr.random100	reduce8	844332	833808	95304	58696	217262717	8571157	21
