graph	algo	n	m	e	rn	rm	re	offset	time	seed	mem
ABACUS_shell_hd.mtx.hgr.random100	reduce8	23412	23412	9.33	8717	8776	6.65	751	0.25577	1	13312
ABACUS_shell_hd.mtx.hgr.random100	reduce8	23412	23412	9.33	8717	8776	6.65	751	0.25069	21	13312
ABACUS_shell_hd.mtx.hgr.random100	reduce8	23412	23412	9.33	8717	8776	6.65	751	0.25045	203	13312
ABACUS_shell_hd.mtx.hgr.random100	reduce8	23412	23412	9.33	8717	8776	6.65	751	0.24952	1002	13312
as-22july06.mtx.hgr.random100	reduce8	22963	22963	4.22	0	0	0.00	2057	0.02046	1	9216
as-22july06.mtx.hgr.random100	reduce8	22963	22963	4.22	0	0	0.00	2057	0.02027	21	9216
as-22july06.mtx.hgr.random100	reduce8	22963	22963	4.22	0	0	0.00	2057	0.02019	203	9216
as-22july06.mtx.hgr.random100	reduce8	22963	22963	4.22	0	0	0.00	2057	0.02008	1002	9216
as-caida.mtx.hgr.random100	reduce8	31379	26475	4.03	0	0	0.00	7339	0.01964	1	12288
as-caida.mtx.hgr.random100	reduce8	31379	26475	4.03	0	0	0.00	7339	0.01959	21	12288
as-caida.mtx.hgr.random100	reduce8	31379	26475	4.03	0	0	0.00	7339	0.02080	203	11264
as-caida.mtx.hgr.random100	reduce8	31379	26475	4.03	0	0	0.00	7339	0.02392	1002	12288
BenElechi1.mtx.hgr.random100	reduce8	245874	245874	53.48	24225	24311	7.90	1199	0.91456	1	179200
BenElechi1.mtx.hgr.random100	reduce8	245874	245874	53.48	24225	24311	7.90	1199	0.93694	21	179200
BenElechi1.mtx.hgr.random100	reduce8	245874	245874	53.48	24225	24311	7.90	1199	0.91748	203	179200
bips07_1998.mtx.hgr.random100	reduce8	15066	15066	4.13	62	62	2.00	5328	0.01924	1	7168
BenElechi1.mtx.hgr.random100	reduce8	245874	245874	53.48	24225	24311	7.90	1199	0.92966	1002	179200
bips07_1998.mtx.hgr.random100	reduce8	15066	15066	4.13	62	62	2.00	5328	0.00993	21	7168
bips07_1998.mtx.hgr.random100	reduce8	15066	15066	4.13	62	62	2.00	5328	0.00985	203	7168
bips07_1998.mtx.hgr.random100	reduce8	15066	15066	4.13	62	62	2.00	5328	0.01755	1002	7168
bloweya.mtx.hgr.random100	reduce8	30004	30004	5.00	0	0	0.00	10001	0.37093	1	11264
bloweya.mtx.hgr.random100	reduce8	30004	30004	5.00	0	0	0.00	10001	0.36632	21	11264
bloweya.mtx.hgr.random100	reduce8	30004	30004	5.00	0	0	0.00	10001	0.38513	203	11264
bloweya.mtx.hgr.random100	reduce8	30004	30004	5.00	0	0	0.00	10001	0.36324	1002	11264
ca-CondMat.mtx.hgr.random100	reduce8	23133	23133	8.08	0	0	0.00	4057	0.04199	1	10240
c-64.mtx.hgr.random100	reduce8	51035	51035	14.07	0	0	0.00	22600	4.24741	1	22528
ca-CondMat.mtx.hgr.random100	reduce8	23133	23133	8.08	0	0	0.00	4057	0.03755	21	10240
c-64.mtx.hgr.random100	reduce8	51035	51035	14.07	0	0	0.00	22600	4.22352	21	22528
c-64.mtx.hgr.random100	reduce8	51035	51035	14.07	0	0	0.00	22600	4.46538	203	22528
ca-CondMat.mtx.hgr.random100	reduce8	23133	23133	8.08	0	0	0.00	4057	0.03432	203	10240
c-64.mtx.hgr.random100	reduce8	51035	51035	14.07	0	0	0.00	22600	4.52217	1002	22528
ca-CondMat.mtx.hgr.random100	reduce8	23133	23133	8.08	0	0	0.00	4057	0.03189	1002	10240
case39.mtx.hgr.random100.rendered	reduce8	40216	40216	25.91	0	0	0.00	10017	0.28271	1	23552
case39.mtx.hgr.random100.rendered	reduce8	40216	40216	25.91	0	0	0.00	10017	0.28073	21	23552
case39.mtx.hgr.random100.rendered	reduce8	40216	40216	25.91	0	0	0.00	10017	0.27870	203	23552
case39.mtx.hgr.random100.rendered	reduce8	40216	40216	25.91	0	0	0.00	10017	0.28587	1002	23552
Chebyshev4.mtx.hgr.random100.rendered	reduce8	68121	68121	78.94	0	0	0.00	1	0.07913	1	76800
Chebyshev4.mtx.hgr.random100.rendered	reduce8	68121	68121	78.94	0	0	0.00	1	0.08157	21	76800
Chebyshev4.mtx.hgr.random100.rendered	reduce8	68121	68121	78.94	0	0	0.00	1	0.07862	203	76800
Chebyshev4.mtx.hgr.random100.rendered	reduce8	68121	68121	78.94	0	0	0.00	1	0.07919	1002	76800
Chem97Zt.mtx.hgr.random100.rendered	reduce8	31022	2541	24.42	0	0	0.00	131	0.01449	1	9216
Chem97Zt.mtx.hgr.random100.rendered	reduce8	31022	2541	24.42	0	0	0.00	131	0.01366	21	9216
Chem97Zt.mtx.hgr.random100.rendered	reduce8	31022	2541	24.42	0	0	0.00	131	0.01344	203	8192
Chem97Zt.mtx.hgr.random100.rendered	reduce8	31022	2541	24.42	0	0	0.00	131	0.01356	1002	9216
crystk02.mtx.hgr.random100.lg.metis	reduce8	1955868	13965	280.11	0	0	0.00	1941959	7.68542	1	433152
crystk02.mtx.hgr.random100.lg.metis	reduce8	1955868	13965	280.11	0	0	0.00	1941959	7.83468	21	432128
crystk02.mtx.hgr.random100.lg.metis	reduce8	1955868	13965	280.11	0	0	0.00	1941959	7.68166	203	433152
crystk02.mtx.hgr.random100.lg.metis	reduce8	1955868	13965	280.11	0	0	0.00	1941959	7.79452	1002	433152
dac2012_superblue11.hgr.random100	reduce8	952507	935731	3.28	91365	98828	2.76	230997	18.60084	1	512724
dac2012_superblue11.hgr.random100	reduce8	952507	935731	3.28	91365	98828	2.76	230997	18.64768	21	512720
dac2012_superblue11.hgr.random100	reduce8	952507	935731	3.28	91365	98828	2.76	230997	18.58864	203	512724
dac2012_superblue11.hgr.random100	reduce8	952507	935731	3.28	91365	98828	2.76	230997	18.65003	1002	512728
dac2012_superblue16.hgr.random100	reduce8	698339	697458	3.27	94070	95857	2.93	189953	9.47482	1	330012
dac2012_superblue16.hgr.random100	reduce8	698339	697458	3.27	94070	95857	2.93	189953	9.46148	21	330008
dac2012_superblue16.hgr.random100	reduce8	698339	697458	3.27	94070	95857	2.93	189953	9.47495	203	330008
dac2012_superblue16.hgr.random100	reduce8	698339	697458	3.27	94070	95857	2.93	189953	9.50580	1002	330008
dac2012_superblue12.hgr.random100	reduce8	1291931	1293436	3.69	330820	307284	3.76	205677	37.75436	1	1054720
dac2012_superblue12.hgr.random100	reduce8	1291931	1293436	3.69	330820	307284	3.76	205677	37.79636	21	1054720
dac2012_superblue12.hgr.random100	reduce8	1291931	1293436	3.69	330820	307284	3.76	205677	37.89435	203	1054720
dac2012_superblue12.hgr.random100	reduce8	1291931	1293436	3.69	330820	307284	3.76	205677	37.92785	1002	1054720
dac2012_superblue14.hgr.random100	reduce8	630802	619815	3.31	121292	112269	3.64	150941	57.73982	1	352440
dac2012_superblue14.hgr.random100	reduce8	630802	619815	3.31	121292	112269	3.64	150941	57.37622	21	352440
dac2012_superblue14.hgr.random100	reduce8	630802	619815	3.31	121292	112269	3.64	150941	57.61221	203	352444
dac2012_superblue3.hgr.random100	reduce8	917944	898001	3.46	162774	116748	4.37	173432	44.03998	1	753576
dac2012_superblue14.hgr.random100	reduce8	630802	619815	3.31	121292	112269	3.64	150941	57.58730	1002	352440
dac2012_superblue3.hgr.random100	reduce8	917944	898001	3.46	162774	116748	4.37	173432	44.19376	21	753704
dac2012_superblue3.hgr.random100	reduce8	917944	898001	3.46	162774	116748	4.37	173432	44.35606	203	753704
dac2012_superblue3.hgr.random100	reduce8	917944	898001	3.46	162774	116748	4.37	173432	44.45398	1002	753704
dac2012_superblue2.hgr.random100	reduce8	1010321	990899	3.26	211913	215420	3.13	232357	59.01408	1	512216
dac2012_superblue2.hgr.random100	reduce8	1010321	990899	3.26	211913	215420	3.13	232357	59.08223	21	512008
dictionary28.mtx.hgr.random100	reduce8	52652	39327	4.53	2640	3787	3.42	28711	0.07199	1	18432
dictionary28.mtx.hgr.random100	reduce8	52652	39327	4.53	2640	3787	3.42	28711	0.07148	21	18432
dac2012_superblue2.hgr.random100	reduce8	1010321	990899	3.26	211913	215420	3.13	232357	59.05851	203	512220
dictionary28.mtx.hgr.random100	reduce8	52652	39327	4.53	2640	3787	3.42	28711	0.07267	203	18432
dac2012_superblue2.hgr.random100	reduce8	1010321	990899	3.26	211913	215420	3.13	232357	59.02965	1002	512216
dictionary28.mtx.hgr.random100	reduce8	52652	39327	4.53	2640	3787	3.42	28711	0.07177	1002	18432
ex19.mtx.hgr.random100	reduce8	12005	12005	21.65	0	0	0.00	985	0.01591	1	8192
ex19.mtx.hgr.random100	reduce8	12005	12005	21.65	0	0	0.00	985	0.01175	21	8192
ex19.mtx.hgr.random100	reduce8	12005	12005	21.65	0	0	0.00	985	0.01216	203	8192
ex19.mtx.hgr.random100	reduce8	12005	12005	21.65	0	0	0.00	985	0.01186	1002	8192
fd18.mtx.hgr.random100	reduce8	16428	16428	3.86	13360	13612	3.83	1024	0.02994	1	10240
fd18.mtx.hgr.random100	reduce8	16428	16428	3.86	13360	13612	3.83	1024	0.02738	21	10240
fd18.mtx.hgr.random100	reduce8	16428	16428	3.86	13360	13612	3.83	1024	0.02687	203	10240
fd18.mtx.hgr.random100	reduce8	16428	16428	3.86	13360	13612	3.83	1024	0.02696	1002	10240
g7jac040sc.mtx.hgr.random100	reduce8	11790	11790	9.73	2061	2256	2.73	2227	0.10357	1	7168
g7jac040sc.mtx.hgr.random100	reduce8	11790	11790	9.73	2061	2256	2.73	2227	0.10068	21	7168
g7jac040sc.mtx.hgr.random100	reduce8	11790	11790	9.73	2061	2256	2.73	2227	0.10062	203	7168
g7jac040sc.mtx.hgr.random100	reduce8	11790	11790	9.73	2061	2256	2.73	2227	0.10186	1002	7168
garon2.mtx.hgr.random100	reduce8	13535	13535	28.86	3647	1451	9.84	7	0.03690	1	10240
garon2.mtx.hgr.random100	reduce8	13535	13535	28.86	3647	1451	9.84	7	0.03606	21	10240
garon2.mtx.hgr.random100	reduce8	13535	13535	28.86	3647	1451	9.84	7	0.03597	203	10240
garon2.mtx.hgr.random100	reduce8	13535	13535	28.86	3647	1451	9.84	7	0.03608	1002	10240
IMDB.mtx.hgr.random100	reduce8	896308	303617	12.46	0	0	0.00	138181	2.38008	1	221184
IMDB.mtx.hgr.random100	reduce8	896308	303617	12.46	0	0	0.00	138181	2.35919	21	221184
ISPD98_ibm11.hgr.random100	reduce8	70558	81454	3.45	34329	33959	3.44	10397	0.45028	1	33792
IMDB.mtx.hgr.random100	reduce8	896308	303617	12.46	0	0	0.00	138181	2.30716	203	221184
ISPD98_ibm11.hgr.random100	reduce8	70558	81454	3.45	34329	33959	3.44	10397	0.45034	21	33792
IMDB.mtx.hgr.random100	reduce8	896308	303617	12.46	0	0	0.00	138181	2.32427	1002	221184
ISPD98_ibm11.hgr.random100	reduce8	70558	81454	3.45	34329	33959	3.44	10397	0.41977	203	33792
ISPD98_ibm11.hgr.random100	reduce8	70558	81454	3.45	34329	33959	3.44	10397	0.42916	1002	33792
ISPD98_ibm12.hgr.random100	reduce8	71076	77240	4.11	25007	23567	3.89	12626	0.42948	1	34816
ISPD98_ibm12.hgr.random100	reduce8	71076	77240	4.11	25007	23567	3.89	12626	0.44945	21	34816
ISPD98_ibm12.hgr.random100	reduce8	71076	77240	4.11	25007	23567	3.89	12626	0.43677	203	34816
dac2012_superblue6.hgr.random100	reduce8	1011662	1006629	3.37	212949	198390	3.37	197073	68.54255	1	717564
ISPD98_ibm12.hgr.random100	reduce8	71076	77240	4.11	25007	23567	3.89	12626	0.43839	1002	34816
dac2012_superblue6.hgr.random100	reduce8	1011662	1006629	3.37	212949	198390	3.37	197073	68.59028	21	716532
dac2012_superblue6.hgr.random100	reduce8	1011662	1006629	3.37	212949	198390	3.37	197073	68.54041	203	717560
kron_g500-logn16.mtx.hgr.random100.rendered	reduce8	65536	55321	88.80	0	0	0.00	14103	0.38385	1	71680
dac2012_superblue6.hgr.random100	reduce8	1011662	1006629	3.37	212949	198390	3.37	197073	68.44553	1002	717560
kron_g500-logn16.mtx.hgr.random100.rendered	reduce8	65536	55321	88.80	0	0	0.00	14103	0.37840	21	71680
kron_g500-logn16.mtx.hgr.random100.rendered	reduce8	65536	55321	88.80	0	0	0.00	14103	0.37849	203	71680
kron_g500-logn16.mtx.hgr.random100.rendered	reduce8	65536	55321	88.80	0	0	0.00	14103	0.39645	1002	71680
lhr14.mtx.hgr.random100	reduce8	14270	14270	21.57	15	16	2.12	4307	0.10066	1	10240
lhr14.mtx.hgr.random100	reduce8	14270	14270	21.57	15	16	2.12	4307	0.09719	21	10240
lhr14.mtx.hgr.random100	reduce8	14270	14270	21.57	15	16	2.12	4307	0.09717	203	10240
lhr14.mtx.hgr.random100	reduce8	14270	14270	21.57	15	16	2.12	4307	0.09515	1002	10240
lp_pds_20.mtx.hgr.random100	reduce8	108175	33798	6.88	60816	16934	7.18	6380	0.23623	1	40960
lp_pds_20.mtx.hgr.random100	reduce8	108175	33798	6.88	60816	16934	7.18	6380	0.23187	21	40960
lp_pds_20.mtx.hgr.random100	reduce8	108175	33798	6.88	60816	16934	7.18	6380	0.23308	203	40960
lp_pds_20.mtx.hgr.random100	reduce8	108175	33798	6.88	60816	16934	7.18	6380	0.23367	1002	40960
msc10848.mtx.hgr.random100	reduce8	10848	10848	113.36	121	113	2.91	42	0.07467	1	20480
m14b.mtx.hgr.random100	reduce8	214765	214765	15.64	180553	199145	13.19	0	3.98476	1	222208
dac2012_superblue7.hgr.random100	reduce8	1360217	1340418	3.68	150771	122825	3.79	257673	63.71851	1	871872
dac2012_superblue7.hgr.random100	reduce8	1360217	1340418	3.68	150771	122825	3.79	257673	63.24973	21	871872
msc10848.mtx.hgr.random100	reduce8	10848	10848	113.36	121	113	2.91	42	0.07458	21	20480
m14b.mtx.hgr.random100	reduce8	214765	214765	15.64	180553	199145	13.19	0	3.99974	21	222208
dac2012_superblue7.hgr.random100	reduce8	1360217	1340418	3.68	150771	122825	3.79	257673	64.15476	203	871872
m14b.mtx.hgr.random100	reduce8	214765	214765	15.64	180553	199145	13.19	0	3.94155	203	222208
dac2012_superblue7.hgr.random100	reduce8	1360217	1340418	3.68	150771	122825	3.79	257673	63.29753	1002	871872
msc10848.mtx.hgr.random100	reduce8	10848	10848	113.36	121	113	2.91	42	0.07471	203	20480
m14b.mtx.hgr.random100	reduce8	214765	214765	15.64	180553	199145	13.19	0	3.96650	1002	222208
msc10848.mtx.hgr.random100	reduce8	10848	10848	113.36	121	113	2.91	42	0.07375	1002	20480
mult_dcop_01.mtx.hgr.random100.rendered	reduce8	25187	25187	7.67	0	0	0.00	1540	0.05741	1	10240
mult_dcop_01.mtx.hgr.random100.rendered	reduce8	25187	25187	7.67	0	0	0.00	1540	0.05208	21	10240
mult_dcop_01.mtx.hgr.random100.rendered	reduce8	25187	25187	7.67	0	0	0.00	1540	0.05277	203	10240
mult_dcop_01.mtx.hgr.random100.rendered	reduce8	25187	25187	7.67	0	0	0.00	1540	0.05273	1002	10240
NotreDame_actors.mtx.hgr.random100	reduce8	127823	383640	3.83	10770	14952	3.37	17457	0.51911	1	75776
NotreDame_actors.mtx.hgr.random100	reduce8	127823	383640	3.83	10770	14952	3.37	17457	0.51833	21	75776
NotreDame_actors.mtx.hgr.random100	reduce8	127823	383640	3.83	10770	14952	3.37	17457	0.51898	203	75776
NotreDame_actors.mtx.hgr.random100	reduce8	127823	383640	3.83	10770	14952	3.37	17457	0.51710	1002	75776
pdb1HYS.mtx.hgr.random100	reduce8	36417	36417	119.31	6899	8619	29.10	17	1.29017	1	69632
pdb1HYS.mtx.hgr.random100	reduce8	36417	36417	119.31	6899	8619	29.10	17	1.30883	21	69632
pdb1HYS.mtx.hgr.random100	reduce8	36417	36417	119.31	6899	8619	29.10	17	1.30272	203	69632
poli3.mtx.hgr.random100	reduce8	16955	16955	2.23	0	0	0.00	3523	0.01325	1	7168
pdb1HYS.mtx.hgr.random100	reduce8	36417	36417	119.31	6899	8619	29.10	17	1.30126	1002	69632
poli3.mtx.hgr.random100	reduce8	16955	16955	2.23	0	0	0.00	3523	0.01219	21	7168
poli3.mtx.hgr.random100	reduce8	16955	16955	2.23	0	0	0.00	3523	0.01224	203	7168
poli3.mtx.hgr.random100	reduce8	16955	16955	2.23	0	0	0.00	3523	0.01223	1002	7168
psse2.mtx.hgr.random100	reduce8	11028	28634	4.03	18	18	2.00	3089	0.01600	1	8192
psse2.mtx.hgr.random100	reduce8	11028	28634	4.03	18	18	2.00	3089	0.00850	21	8192
psse2.mtx.hgr.random100	reduce8	11028	28634	4.03	18	18	2.00	3089	0.01385	203	8192
psse2.mtx.hgr.random100	reduce8	11028	28634	4.03	18	18	2.00	3089	0.01411	1002	8192
rgg_n_2_18_s0.mtx.hgr.random100	reduce8	262144	262141	11.80	150322	171201	7.12	454	2.29099	1	173056
rgg_n_2_18_s0.mtx.hgr.random100	reduce8	262144	262141	11.80	150322	171201	7.12	454	2.28813	21	173056
sat14_6s11-opt.cnf.hgr.random100	reduce8	66552	97312	2.33	4354	5308	2.10	28189	0.09527	1	27648
rgg_n_2_18_s0.mtx.hgr.random100	reduce8	262144	262141	11.80	150322	171201	7.12	454	2.28104	203	173056
sat14_6s11-opt.cnf.hgr.random100	reduce8	66552	97312	2.33	4354	5308	2.10	28189	0.09471	21	27648
rgg_n_2_18_s0.mtx.hgr.random100	reduce8	262144	262141	11.80	150322	171201	7.12	454	2.27609	1002	173056
sat14_6s11-opt.cnf.hgr.random100	reduce8	66552	97312	2.33	4354	5308	2.10	28189	0.09483	203	27648
sat14_6s11-opt.cnf.hgr.random100	reduce8	66552	97312	2.33	4354	5308	2.10	28189	0.09386	1002	27648
sat14_6s12.cnf.hgr.random100	reduce8	68066	99580	2.33	10360	13150	2.10	26253	0.17603	1	29696
sat14_6s12.cnf.hgr.random100	reduce8	68066	99580	2.33	10360	13150	2.10	26253	0.17523	21	29696
sat14_6s12.cnf.hgr.random100	reduce8	68066	99580	2.33	10360	13150	2.10	26253	0.17651	203	29696
sat14_6s12.cnf.hgr.random100	reduce8	68066	99580	2.33	10360	13150	2.10	26253	0.17527	1002	29696
sat14_6s130-opt.cnf.hgr.random100	reduce8	98654	144361	2.33	5623	7075	2.06	42996	0.15426	1	39936
sat14_6s130-opt.cnf.hgr.random100	reduce8	98654	144361	2.33	5623	7075	2.06	42996	0.15388	21	39936
sat14_6s130-opt.cnf.hgr.random100	reduce8	98654	144361	2.33	5623	7075	2.06	42996	0.15523	203	39936
sat14_6s130-opt.cnf.hgr.random100	reduce8	98654	144361	2.33	5623	7075	2.06	42996	0.15371	1002	39936
sat14_6s130-opt.cnf.primal.hgr.random100	reduce8	49327	144361	2.33	20587	20693	2.53	10008	0.14998	1	31744
sat14_6s130-opt.cnf.primal.hgr.random100	reduce8	49327	144361	2.33	20587	20693	2.53	10008	0.15174	21	31744
sat14_6s130-opt.cnf.primal.hgr.random100	reduce8	49327	144361	2.33	20587	20693	2.53	10008	0.15144	203	31744
sat14_6s130-opt.cnf.primal.hgr.random100	reduce8	49327	144361	2.33	20587	20693	2.53	10008	0.15038	1002	31744
sat14_6s133.cnf.primal.hgr.random100	reduce8	48215	140968	2.33	21995	22143	2.50	8986	0.14896	1	30720
sat14_6s133.cnf.primal.hgr.random100	reduce8	48215	140968	2.33	21995	22143	2.50	8986	0.14990	21	30720
sat14_6s133.cnf.primal.hgr.random100	reduce8	48215	140968	2.33	21995	22143	2.50	8986	0.14757	203	30720
sat14_6s133.cnf.primal.hgr.random100	reduce8	48215	140968	2.33	21995	22143	2.50	8986	0.14791	1002	30720
sat14_6s16.cnf.primal.hgr.random100	reduce8	31483	91888	2.33	15793	16236	2.52	5092	0.13219	1	21504
sat14_6s16.cnf.primal.hgr.random100	reduce8	31483	91888	2.33	15793	16236	2.52	5092	0.12880	21	21504
sat14_6s16.cnf.primal.hgr.random100	reduce8	31483	91888	2.33	15793	16236	2.52	5092	0.12958	203	21504
sat14_6s16.cnf.primal.hgr.random100	reduce8	31483	91888	2.33	15793	16236	2.52	5092	0.12890	1002	21504
sat14_6s184.cnf.hgr.random100	reduce8	66730	97516	2.33	10980	13984	2.14	25420	0.13593	1	28672
sat14_6s184.cnf.hgr.random100	reduce8	66730	97516	2.33	10980	13984	2.14	25420	0.13812	21	28672
sat14_6s184.cnf.hgr.random100	reduce8	66730	97516	2.33	10980	13984	2.14	25420	0.13728	203	28672
sat14_6s184.cnf.hgr.random100	reduce8	66730	97516	2.33	10980	13984	2.14	25420	0.13873	1002	29696
sat14_ACG-20-10p1.cnf.dual.hgr.random100	reduce8	1632906	381708	10.06	1037403	368559	5.63	13149	4.54421	1	573440
sat14_ACG-20-10p1.cnf.dual.hgr.random100	reduce8	1632906	381708	10.06	1037403	368559	5.63	13149	4.55033	21	574464
sat14_AProVE07-27.cnf.dual.hgr.random100	reduce8	29194	7729	9.98	4497	3843	2.41	1305	2.75052	1	24576
sat14_ACG-20-10p1.cnf.dual.hgr.random100	reduce8	1632906	381708	10.06	1037403	368559	5.63	13149	4.56034	203	574464
sat14_ACG-20-10p1.cnf.dual.hgr.random100	reduce8	1632906	381708	10.06	1037403	368559	5.63	13149	4.56744	1002	574464
sat14_AProVE07-27.cnf.dual.hgr.random100	reduce8	29194	7729	9.98	4497	3843	2.41	1305	2.77731	21	24576
sat14_AProVE07-27.cnf.dual.hgr.random100	reduce8	29194	7729	9.98	4497	3843	2.41	1305	2.74345	203	24576
sat14_AProVE07-27.cnf.dual.hgr.random100	reduce8	29194	7729	9.98	4497	3843	2.41	1305	2.74682	1002	24576
sat14_atco_enc1_opt2_10_12.cnf.dual.hgr.random100	reduce8	147853	9495	65.15	58119	6362	34.92	1502	6.57399	1	349184
sat14_atco_enc1_opt2_10_12.cnf.dual.hgr.random100	reduce8	147853	9495	65.15	58119	6362	34.92	1502	6.59174	21	349184
sat14_bob12m09-opt.cnf.dual.hgr.random100	reduce8	152446	51144	6.95	101583	51141	3.97	2	3.21099	1	79872
sat14_atco_enc1_opt2_10_12.cnf.dual.hgr.random100	reduce8	147853	9495	65.15	58119	6362	34.92	1502	6.53601	203	349184
sat14_bob12m09-opt.cnf.dual.hgr.random100	reduce8	152446	51144	6.95	101583	51141	3.97	2	3.14742	21	79872
sat14_dated-10-11-u.cnf.hgr.random100	reduce8	283720	629461	2.27	26977	89104	2.60	81041	0.34458	1	134144
sat14_bob12m09-opt.cnf.dual.hgr.random100	reduce8	152446	51144	6.95	101583	51141	3.97	2	3.13740	203	79872
sat14_dated-10-11-u.cnf.hgr.random100	reduce8	283720	629461	2.27	26977	89104	2.60	81041	0.34696	21	134144
sat14_atco_enc1_opt2_10_12.cnf.dual.hgr.random100	reduce8	147853	9495	65.15	58119	6362	34.92	1502	6.52068	1002	349184
sat14_bob12m09-opt.cnf.dual.hgr.random100	reduce8	152446	51144	6.95	101583	51141	3.97	2	3.17412	1002	79872
sat14_dated-10-11-u.cnf.hgr.random100	reduce8	283720	629461	2.27	26977	89104	2.60	81041	0.34661	203	134144
sat14_dated-10-11-u.cnf.hgr.random100	reduce8	283720	629461	2.27	26977	89104	2.60	81041	0.34148	1002	134144
sat14_dated-10-17-u.cnf.hgr.random100	reduce8	459088	1070757	2.31	50155	209994	2.68	129101	0.63519	1	230400
sat14_dated-10-17-u.cnf.hgr.random100	reduce8	459088	1070757	2.31	50155	209994	2.68	129101	0.63511	21	230400
sat14_dated-10-17-u.cnf.hgr.random100	reduce8	459088	1070757	2.31	50155	209994	2.68	129101	0.62911	203	230400
sat14_dated-10-17-u.cnf.hgr.random100	reduce8	459088	1070757	2.31	50155	209994	2.68	129101	0.63409	1002	230400
sat14_E02F22.cnf.primal.hgr.random100	reduce8	13574	1301188	8.81	13450	70905	24.20	0	3.27766	1	239616
sat14_E02F22.cnf.primal.hgr.random100	reduce8	13574	1301188	8.81	13450	70905	24.20	0	3.39434	21	239616
sat14_E02F22.cnf.primal.hgr.random100	reduce8	13574	1301188	8.81	13450	70905	24.20	0	3.37946	203	239616
sat14_E02F22.cnf.primal.hgr.random100	reduce8	13574	1301188	8.81	13450	70905	24.20	0	3.42982	1002	239616
sat14_manol-pipe-c10nid_i.cnf.primal.hgr.random100	reduce8	252516	750877	2.33	127694	131084	2.54	38295	2.90991	1	152576
sat14_manol-pipe-c10nid_i.cnf.primal.hgr.random100	reduce8	252516	750877	2.33	127694	131084	2.54	38295	2.88331	21	152576
sat14_manol-pipe-c10nid_i.cnf.primal.hgr.random100	reduce8	252516	750877	2.33	127694	131084	2.54	38295	2.88307	203	152576
sat14_manol-pipe-c10nid_i.cnf.primal.hgr.random100	reduce8	252516	750877	2.33	127694	131084	2.54	38295	2.88496	1002	152576
sat14_MD5-30-5.cnf.dual.hgr.random100	reduce8	68103	8905	29.88	12890	8812	4.41	11	0.17120	1	22528
sat14_MD5-30-5.cnf.dual.hgr.random100	reduce8	68103	8905	29.88	12890	8812	4.41	11	0.16344	21	22528
sat14_MD5-30-5.cnf.dual.hgr.random100	reduce8	68103	8905	29.88	12890	8812	4.41	11	0.17323	203	22528
sat14_MD5-30-5.cnf.dual.hgr.random100	reduce8	68103	8905	29.88	12890	8812	4.41	11	0.16428	1002	22528
sat14_openstacks-p30_3.085-SAT.cnf.hgr.random100	reduce8	643132	1643601	2.38	67834	83836	3.92	154727	11.10077	1	374784
sat14_openstacks-p30_3.085-SAT.cnf.hgr.random100	reduce8	643132	1643601	2.38	67834	83836	3.92	154727	11.21040	21	374784
sat14_openstacks-p30_3.085-SAT.cnf.hgr.random100	reduce8	643132	1643601	2.38	67834	83836	3.92	154727	11.19831	203	374784
sat14_openstacks-p30_3.085-SAT.cnf.hgr.random100	reduce8	643132	1643601	2.38	67834	83836	3.92	154727	11.15914	1002	374784
sat14_atco_enc1_opt2_05_4.cnf.dual.hgr.random100	reduce8	386163	14636	112.93	126654	10519	42.66	1958	67.53467	1	1822720
sat14_atco_enc1_opt2_05_4.cnf.dual.hgr.random100	reduce8	386163	14636	112.93	126654	10519	42.66	1958	67.40127	21	1822720
sat14_atco_enc1_opt2_05_4.cnf.dual.hgr.random100	reduce8	386163	14636	112.93	126654	10519	42.66	1958	67.53039	203	1822720
sat14_atco_enc1_opt2_05_4.cnf.dual.hgr.random100	reduce8	386163	14636	112.93	126654	10519	42.66	1958	67.58659	1002	1822720
sat14_manol-pipe-c10nidw.cnf.dual.hgr.random100	reduce8	1291714	433601	6.95	860669	433296	3.97	153	63.46996	1	708512
sat14_manol-pipe-c10nidw.cnf.dual.hgr.random100	reduce8	1291714	433601	6.95	860669	433296	3.97	153	63.86186	21	708516
sat14_manol-pipe-c10nidw.cnf.dual.hgr.random100	reduce8	1291714	433601	6.95	860669	433296	3.97	153	63.99888	203	708516
sat14_q_query_3_L100_coli.sat.cnf.primal.hgr.random100	reduce8	315617	1522583	2.89	222727	589405	3.10	31653	1.14000	1	293888
sat14_manol-pipe-c10nidw.cnf.dual.hgr.random100	reduce8	1291714	433601	6.95	860669	433296	3.97	153	63.71590	1002	708512
sat14_q_query_3_L100_coli.sat.cnf.primal.hgr.random100	reduce8	315617	1522583	2.89	222727	589405	3.10	31653	1.12616	21	293888
sat14_q_query_3_L100_coli.sat.cnf.primal.hgr.random100	reduce8	315617	1522583	2.89	222727	589405	3.10	31653	1.12120	203	293888
sat14_q_query_3_L100_coli.sat.cnf.primal.hgr.random100	reduce8	315617	1522583	2.89	222727	589405	3.10	31653	1.12554	1002	293888
sat14_q_query_3_L150_coli.sat.cnf.hgr.random100	reduce8	973984	2456708	2.91	122810	404702	2.22	439447	8.63776	1	494592
sat14_q_query_3_L150_coli.sat.cnf.hgr.random100	reduce8	973984	2456708	2.91	122810	404702	2.22	439447	8.64154	21	494592
sat14_q_query_3_L150_coli.sat.cnf.hgr.random100	reduce8	973984	2456708	2.91	122810	404702	2.22	439447	8.66191	203	494592
sat14_q_query_3_L150_coli.sat.cnf.hgr.random100	reduce8	973984	2456708	2.91	122810	404702	2.22	439447	8.61676	1002	494592
sat14_SAT_dat.k75-24_1_rule_3.cnf.primal.hgr.random100	reduce8	1213331	4754042	2.51	378400	394676	2.47	317228	4.75824	1	775168
sat14_SAT_dat.k75-24_1_rule_3.cnf.primal.hgr.random100	reduce8	1213331	4754042	2.51	378400	394676	2.47	317228	4.75913	21	775168
sat14_SAT_dat.k75-24_1_rule_3.cnf.primal.hgr.random100	reduce8	1213331	4754042	2.51	378400	394676	2.47	317228	4.76518	203	775168
sat14_SAT_dat.k75-24_1_rule_3.cnf.primal.hgr.random100	reduce8	1213331	4754042	2.51	378400	394676	2.47	317228	4.73471	1002	775168
sat14_SAT_dat.k85-24_1_rule_3.cnf.hgr.random100	reduce8	2712808	5395102	2.51	1462872	2666468	2.19	528770	10.25739	1	1385472
sat14_SAT_dat.k85-24_1_rule_3.cnf.hgr.random100	reduce8	2712808	5395102	2.51	1462872	2666468	2.19	528770	10.26270	21	1385472
sat14_SAT_dat.k85-24_1_rule_3.cnf.hgr.random100	reduce8	2712808	5395102	2.51	1462872	2666468	2.19	528770	10.28324	203	1385472
sat14_SAT_dat.k85-24_1_rule_3.cnf.hgr.random100	reduce8	2712808	5395102	2.51	1462872	2666468	2.19	528770	10.12607	1002	1385472
sat14_SAT_dat.k95-24_1_rule_3.cnf.primal.hgr.random100	reduce8	1540071	6036162	2.51	481040	501756	2.47	402188	6.02835	1	979968
sat14_SAT_dat.k95-24_1_rule_3.cnf.primal.hgr.random100	reduce8	1540071	6036162	2.51	481040	501756	2.47	402188	6.02380	21	979968
sat14_slp-synthesis-aes-top29.cnf.primal.hgr.random100	reduce8	94998	302862	2.45	0	0	0.00	32017	0.89028	1	56320
sat14_SAT_dat.k95-24_1_rule_3.cnf.primal.hgr.random100	reduce8	1540071	6036162	2.51	481040	501756	2.47	402188	5.96058	203	979968
sat14_SAT_dat.k95-24_1_rule_3.cnf.primal.hgr.random100	reduce8	1540071	6036162	2.51	481040	501756	2.47	402188	6.01896	1002	979968
sat14_slp-synthesis-aes-top29.cnf.primal.hgr.random100	reduce8	94998	302862	2.45	0	0	0.00	32017	0.89729	21	56320
sat14_slp-synthesis-aes-top29.cnf.primal.hgr.random100	reduce8	94998	302862	2.45	0	0	0.00	32017	0.88609	203	56320
sat14_slp-synthesis-aes-top29.cnf.primal.hgr.random100	reduce8	94998	302862	2.45	0	0	0.00	32017	0.87910	1002	56320
sat14_UCG-15-10p1.cnf.hgr.random100	reduce8	400006	1019221	2.39	55167	229689	2.69	127051	0.74702	1	217088
sat14_UCG-15-10p1.cnf.hgr.random100	reduce8	400006	1019221	2.39	55167	229689	2.69	127051	0.75482	21	217088
sat14_UCG-15-10p1.cnf.hgr.random100	reduce8	400006	1019221	2.39	55167	229689	2.69	127051	0.73251	203	217088
sat14_UCG-15-10p1.cnf.hgr.random100	reduce8	400006	1019221	2.39	55167	229689	2.69	127051	0.73700	1002	217088
sat14_UCG-15-10p1.cnf.primal.hgr.random100	reduce8	200003	1019221	2.39	155379	273436	2.85	703	0.72406	1	192512
sat14_UCG-15-10p1.cnf.primal.hgr.random100	reduce8	200003	1019221	2.39	155379	273436	2.85	703	0.72217	21	192512
sat14_UCG-15-10p1.cnf.primal.hgr.random100	reduce8	200003	1019221	2.39	155379	273436	2.85	703	0.73445	203	192512
sat14_UCG-15-10p1.cnf.primal.hgr.random100	reduce8	200003	1019221	2.39	155379	273436	2.85	703	0.72868	1002	192512
shermanACb.mtx.hgr.random100.rendered	reduce8	18510	18510	7.84	0	0	0.00	1912	0.03059	1	9216
shermanACb.mtx.hgr.random100.rendered	reduce8	18510	18510	7.84	0	0	0.00	1912	0.02164	21	8192
shermanACb.mtx.hgr.random100.rendered	reduce8	18510	18510	7.84	0	0	0.00	1912	0.02617	203	9216
shermanACb.mtx.hgr.random100.rendered	reduce8	18510	18510	7.84	0	0	0.00	1912	0.02745	1002	9216
ship_001.mtx.hgr.random100	reduce8	34920	34920	133.00	3133	1505	16.39	7	0.47831	1	64512
ship_001.mtx.hgr.random100	reduce8	34920	34920	133.00	3133	1505	16.39	7	0.47117	21	64512
ship_001.mtx.hgr.random100	reduce8	34920	34920	133.00	3133	1505	16.39	7	0.47250	203	64512
ship_001.mtx.hgr.random100	reduce8	34920	34920	133.00	3133	1505	16.39	7	0.47321	1002	64512
sls.mtx.hgr.random100	reduce8	62729	1748122	3.89	60640	1362532	2.00	1429	7.73541	1	314868
soc-sign-epinions.mtx.hgr.random100	reduce8	131828	95318	8.83	0	0	0.00	70473	0.20190	1	43008
soc-sign-epinions.mtx.hgr.random100	reduce8	131828	95318	8.83	0	0	0.00	70473	0.19507	21	43008
sls.mtx.hgr.random100	reduce8	62729	1748122	3.89	60640	1362532	2.00	1429	8.21081	21	314864
soc-sign-epinions.mtx.hgr.random100	reduce8	131828	95318	8.83	0	0	0.00	70473	0.20092	203	43008
sls.mtx.hgr.random100	reduce8	62729	1748122	3.89	60640	1362532	2.00	1429	7.96076	203	314164
soc-sign-epinions.mtx.hgr.random100	reduce8	131828	95318	8.83	0	0	0.00	70473	0.20020	1002	43008
sls.mtx.hgr.random100	reduce8	62729	1748122	3.89	60640	1362532	2.00	1429	7.83789	1002	314864
TSOPF_FS_b162_c3.mtx.hgr.random100.rendered	reduce8	30798	30798	58.49	0	0	0.00	7556	0.30815	1	29696
TSOPF_FS_b162_c3.mtx.hgr.random100.rendered	reduce8	30798	30798	58.49	0	0	0.00	7556	0.29781	21	29696
TSOPF_FS_b162_c3.mtx.hgr.random100.rendered	reduce8	30798	30798	58.49	0	0	0.00	7556	0.29262	203	29696
TSOPF_FS_b162_c3.mtx.hgr.random100.rendered	reduce8	30798	30798	58.49	0	0	0.00	7556	0.29813	1002	29696
xenon2.mtx.hgr.random100	reduce8	157464	157464	24.56	51656	58247	7.89	99	0.74167	1	88064
xenon2.mtx.hgr.random100	reduce8	157464	157464	24.56	51656	58247	7.89	99	0.73715	21	88064
xenon2.mtx.hgr.random100	reduce8	157464	157464	24.56	51656	58247	7.89	99	0.73661	203	88064
xenon2.mtx.hgr.random100	reduce8	157464	157464	24.56	51656	58247	7.89	99	0.73847	1002	88064
sat14_post-cbmc-aes-d-r2-noholes.cnf.dual.hgr.random100	reduce8	1607567	276895	15.61	664448	124761	10.82	77182	205.55734	1	2345984
sat14_post-cbmc-aes-d-r2-noholes.cnf.dual.hgr.random100	reduce8	1607567	276895	15.61	664448	124761	10.82	77182	204.15046	203	2345984
sat14_post-cbmc-aes-d-r2-noholes.cnf.dual.hgr.random100	reduce8	1607567	276895	15.61	664448	124761	10.82	77182	205.34427	21	2345984
sat14_post-cbmc-aes-d-r2-noholes.cnf.dual.hgr.random100	reduce8	1607567	276895	15.61	664448	124761	10.82	77182	207.36065	1002	2345984
sat14_post-cbmc-aes-ee-r2-noholes.cnf.dual.hgr.random100	reduce8	1575975	266199	15.93	661681	122512	10.96	73900	201.20219	1	2330624
sat14_post-cbmc-aes-ee-r2-noholes.cnf.dual.hgr.random100	reduce8	1575975	266199	15.93	661681	122512	10.96	73900	198.56032	1002	2330624
sat14_post-cbmc-aes-ee-r2-noholes.cnf.dual.hgr.random100	reduce8	1575975	266199	15.93	661681	122512	10.96	73900	200.62198	21	2330624
sat14_post-cbmc-aes-ee-r2-noholes.cnf.dual.hgr.random100	reduce8	1575975	266199	15.93	661681	122512	10.96	73900	200.61716	203	2330624
dac2012_superblue9.hgr.random100	reduce8	844332	833808	3.48	95304	58696	4.07	168662	513.97041	1	1861856
dac2012_superblue9.hgr.random100	reduce8	844332	833808	3.48	95304	58696	4.07	168662	513.17329	21	1861860
dac2012_superblue9.hgr.random100	reduce8	844332	833808	3.48	95304	58696	4.07	168662	520.79487	203	1861856
dac2012_superblue9.hgr.random100	reduce8	844332	833808	3.48	95304	58696	4.07	168662	521.85507	1002	1860832
