graph	algo	n	m	gn	gm	rn	rm	offset	time	seed	mem
ABACUS_shell_hd.mtx.hgr.random100	graphred15	23412	23412	23412	285036	8717	70937	751	0.58223	1	16384
ABACUS_shell_hd.mtx.hgr.random100	graphred15	23412	23412	23412	285036	8717	70937	751	0.57319	21	16384
ABACUS_shell_hd.mtx.hgr.random100	graphred15	23412	23412	23412	285036	8717	70937	751	0.57273	203	16384
ABACUS_shell_hd.mtx.hgr.random100	graphred15	23412	23412	23412	285036	8717	70937	751	0.57147	1002	16384
as-22july06.mtx.hgr.random100	graphred15	22963	22963	22963	11087884	0	0	2057	1.10319	1	183296
as-22july06.mtx.hgr.random100	graphred15	22963	22963	22963	11087884	0	0	2057	1.11416	21	183296
as-22july06.mtx.hgr.random100	graphred15	22963	22963	22963	11087884	0	0	2057	1.11124	203	183296
as-22july06.mtx.hgr.random100	graphred15	22963	22963	22963	11087884	0	0	2057	1.10266	1002	183296
as-caida.mtx.hgr.random100	graphred15	31379	26475	31379	13427236	0	0	7339	1.41655	1	221184
as-caida.mtx.hgr.random100	graphred15	31379	26475	31379	13427236	0	0	7339	1.40140	21	221184
as-caida.mtx.hgr.random100	graphred15	31379	26475	31379	13427236	0	0	7339	1.40440	203	221184
as-caida.mtx.hgr.random100	graphred15	31379	26475	31379	13427236	0	0	7339	1.40794	1002	221184
bips07_1998.mtx.hgr.random100	graphred15	15066	15066	15066	76639	62	62	5328	0.01003	1	10240
bips07_1998.mtx.hgr.random100	graphred15	15066	15066	15066	76639	62	62	5328	0.01739	21	10240
bips07_1998.mtx.hgr.random100	graphred15	15066	15066	15066	76639	62	62	5328	0.00998	203	10240
bips07_1998.mtx.hgr.random100	graphred15	15066	15066	15066	76639	62	62	5328	0.01717	1002	10240
BenElechi1.mtx.hgr.random100	graphred15	245874	245874	245874	18007735	24162	245763	1214	6.93914	1	447488
BenElechi1.mtx.hgr.random100	graphred15	245874	245874	245874	18007735	24162	245763	1214	6.89986	21	447488
BenElechi1.mtx.hgr.random100	graphred15	245874	245874	245874	18007735	24162	245763	1214	6.89830	203	447488
BenElechi1.mtx.hgr.random100	graphred15	245874	245874	245874	18007735	24162	245763	1214	6.91310	1002	447488
ca-CondMat.mtx.hgr.random100	graphred15	23133	23133	23133	1166152	0	0	4057	0.18271	1	28672
ca-CondMat.mtx.hgr.random100	graphred15	23133	23133	23133	1166152	0	0	4057	0.17785	21	28672
ca-CondMat.mtx.hgr.random100	graphred15	23133	23133	23133	1166152	0	0	4057	0.17761	203	28672
bloweya.mtx.hgr.random100	graphred15	30004	30004	30004	50165003	0	0	10001	11.34119	1	794624
ca-CondMat.mtx.hgr.random100	graphred15	23133	23133	23133	1166152	0	0	4057	0.17956	1002	28672
bloweya.mtx.hgr.random100	graphred15	30004	30004	30004	50165003	0	0	10001	11.55010	21	793600
bloweya.mtx.hgr.random100	graphred15	30004	30004	30004	50165003	0	0	10001	11.47920	203	794624
bloweya.mtx.hgr.random100	graphred15	30004	30004	30004	50165003	0	0	10001	11.45968	1002	794624
c-64.mtx.hgr.random100	graphred15	51035	51035	51035	77477503	0	0	22600	13.81008	1	1231872
c-64.mtx.hgr.random100	graphred15	51035	51035	51035	77477503	0	0	22600	13.13902	21	1231872
c-64.mtx.hgr.random100	graphred15	51035	51035	51035	77477503	0	0	22600	13.05567	203	1231872
c-64.mtx.hgr.random100	graphred15	51035	51035	51035	77477503	0	0	22600	13.04539	1002	1231872
Chem97Zt.mtx.hgr.random100.rendered	graphred15	31022	2541	31022	6477155	0	0	131	0.36456	1	110592
Chem97Zt.mtx.hgr.random100.rendered	graphred15	31022	2541	31022	6477155	0	0	131	0.35406	21	110592
Chem97Zt.mtx.hgr.random100.rendered	graphred15	31022	2541	31022	6477155	0	0	131	0.36113	203	110592
Chem97Zt.mtx.hgr.random100.rendered	graphred15	31022	2541	31022	6477155	0	0	131	0.36553	1002	110592
crystk02.mtx.hgr.random100.lg.metis	graphred15	1955868	13965	1955868	8612475	0	0	1941959	3.26865	1	442724
crystk02.mtx.hgr.random100.lg.metis	graphred15	1955868	13965	1955868	8612475	0	0	1941959	3.21417	21	442728
crystk02.mtx.hgr.random100.lg.metis	graphred15	1955868	13965	1955868	8612475	0	0	1941959	3.19923	203	442728
crystk02.mtx.hgr.random100.lg.metis	graphred15	1955868	13965	1955868	8612475	0	0	1941959	3.16672	1002	442720
case39.mtx.hgr.random100.rendered	graphred15	40216	40216	40216	202332534	0	0	10017	76.22006	1	3185664
case39.mtx.hgr.random100.rendered	graphred15	40216	40216	40216	202332534	0	0	10017	76.22036	21	3185664
case39.mtx.hgr.random100.rendered	graphred15	40216	40216	40216	202332534	0	0	10017	75.65763	203	3185664
case39.mtx.hgr.random100.rendered	graphred15	40216	40216	40216	202332534	0	0	10017	75.99707	1002	3185664
dac2012_superblue11.hgr.random100	graphred15	952507	935731	952507	48087605	91031	1113150	231120	104.18941	1	980148
dac2012_superblue11.hgr.random100	graphred15	952507	935731	952507	48087605	91031	1113150	231120	103.96181	21	980148
dac2012_superblue11.hgr.random100	graphred15	952507	935731	952507	48087605	91031	1113150	231120	103.67389	203	980148
dac2012_superblue11.hgr.random100	graphred15	952507	935731	952507	48087605	91031	1113150	231120	104.07136	1002	980152
dac2012_superblue16.hgr.random100	graphred15	698339	697458	698339	26888875	93472	496176	190130	107.13650	1	583212
dac2012_superblue16.hgr.random100	graphred15	698339	697458	698339	26888875	93472	496176	190130	107.21832	21	583212
dac2012_superblue16.hgr.random100	graphred15	698339	697458	698339	26888875	93472	496176	190130	107.24270	203	583212
dac2012_superblue16.hgr.random100	graphred15	698339	697458	698339	26888875	93472	496176	190130	107.14706	1002	583212
Chebyshev4.mtx.hgr.random100.rendered	graphred15	-2	-2	-2	-2	-2	-2	-2	280.28	21	0
Chebyshev4.mtx.hgr.random100.rendered	graphred15	-2	-2	-2	-2	-2	-2	-2	282.21	203	0
Chebyshev4.mtx.hgr.random100.rendered	graphred15	-2	-2	-2	-2	-2	-2	-2	290.08	1	0
Chebyshev4.mtx.hgr.random100.rendered	graphred15	-2	-2	-2	-2	-2	-2	-2	296.43	1002	0
dac2012_superblue2.hgr.random100	graphred15	1010321	990899	1010321	48124327	212083	2780813	232385	316.20429	21	1011068
dac2012_superblue2.hgr.random100	graphred15	1010321	990899	1010321	48124327	212083	2780813	232385	315.55853	203	1010772
dac2012_superblue2.hgr.random100	graphred15	1010321	990899	1010321	48124327	212083	2780813	232385	319.15536	1	1011064
dac2012_superblue2.hgr.random100	graphred15	1010321	990899	1010321	48124327	212083	2780813	232385	317.85713	1002	1011064
dac2012_superblue14.hgr.random100	graphred15	630802	619815	630802	74163031	121519	4311352	150868	659.66562	21	1369508
dac2012_superblue14.hgr.random100	graphred15	630802	619815	630802	74163031	121519	4311352	150868	662.83551	1	1368904
dac2012_superblue14.hgr.random100	graphred15	630802	619815	630802	74163031	121519	4311352	150868	661.86683	203	1369512
dac2012_superblue14.hgr.random100	graphred15	630802	619815	630802	74163031	121519	4311352	150868	664.29774	1002	1369508
dac2012_superblue3.hgr.random100	graphred15	917944	898001	917944	86779664	164466	13693071	172905	482.09460	21	1694848
dac2012_superblue3.hgr.random100	graphred15	917944	898001	917944	86779664	164466	13693071	172905	490.58863	1	1694852
dac2012_superblue3.hgr.random100	graphred15	917944	898001	917944	86779664	164466	13693071	172905	486.91376	203	1694852
dac2012_superblue3.hgr.random100	graphred15	917944	898001	917944	86779664	164466	13693071	172905	487.11617	1002	1694848
dac2012_superblue12.hgr.random100	graphred15	1291931	1293436	1291931	247547156	331115	3961677	205667	869.16990	1	4196172
dictionary28.mtx.hgr.random100	graphred15	52652	39327	52652	481799	2642	15331	28709	0.18927	1	22528
dac2012_superblue12.hgr.random100	graphred15	1291931	1293436	1291931	247547156	331115	3961677	205667	870.33998	21	4196172
dictionary28.mtx.hgr.random100	graphred15	52652	39327	52652	481799	2642	15331	28709	0.18211	21	22528
dictionary28.mtx.hgr.random100	graphred15	52652	39327	52652	481799	2642	15331	28709	0.18021	203	22528
dictionary28.mtx.hgr.random100	graphred15	52652	39327	52652	481799	2642	15331	28709	0.17954	1002	22528
dac2012_superblue12.hgr.random100	graphred15	1291931	1293436	1291931	247547156	331115	3961677	205667	872.18190	203	4196172
ex19.mtx.hgr.random100	graphred15	12005	12005	12005	484689	0	0	985	0.04790	1	16384
ex19.mtx.hgr.random100	graphred15	12005	12005	12005	484689	0	0	985	0.04386	21	16384
ex19.mtx.hgr.random100	graphred15	12005	12005	12005	484689	0	0	985	0.04450	203	16384
dac2012_superblue12.hgr.random100	graphred15	1291931	1293436	1291931	247547156	331115	3961677	205667	873.96503	1002	4196172
ex19.mtx.hgr.random100	graphred15	12005	12005	12005	484689	0	0	985	0.04548	1002	16384
fd18.mtx.hgr.random100	graphred15	16428	16428	16428	99387	13360	80898	1024	0.02253	1	11264
fd18.mtx.hgr.random100	graphred15	16428	16428	16428	99387	13360	80898	1024	0.02026	21	10240
fd18.mtx.hgr.random100	graphred15	16428	16428	16428	99387	13360	80898	1024	0.02103	203	10240
fd18.mtx.hgr.random100	graphred15	16428	16428	16428	99387	13360	80898	1024	0.02071	1002	10240
g7jac040sc.mtx.hgr.random100	graphred15	11790	11790	11790	282665	2061	5582	2227	0.07217	1	12288
g7jac040sc.mtx.hgr.random100	graphred15	11790	11790	11790	282665	2061	5582	2227	0.07852	21	12288
g7jac040sc.mtx.hgr.random100	graphred15	11790	11790	11790	282665	2061	5582	2227	0.07968	203	12288
g7jac040sc.mtx.hgr.random100	graphred15	11790	11790	11790	282665	2061	5582	2227	0.07896	1002	12288
garon2.mtx.hgr.random100	graphred15	13535	13535	13535	725467	3647	44659	7	0.20139	1	22528
garon2.mtx.hgr.random100	graphred15	13535	13535	13535	725467	3647	44659	7	0.20379	21	22528
garon2.mtx.hgr.random100	graphred15	13535	13535	13535	725467	3647	44659	7	0.20017	203	22528
garon2.mtx.hgr.random100	graphred15	13535	13535	13535	725467	3647	44659	7	0.19979	1002	22528
IMDB.mtx.hgr.random100	graphred15	896308	303617	896308	57064358	0	0	138181	9.46744	1	1071632
IMDB.mtx.hgr.random100	graphred15	896308	303617	896308	57064358	0	0	138181	9.49082	21	1071636
IMDB.mtx.hgr.random100	graphred15	896308	303617	896308	57064358	0	0	138181	9.55419	203	1072224
ISPD98_ibm11.hgr.random100	graphred15	70558	81454	70558	508442	34392	209219	10369	1.34548	1	30720
IMDB.mtx.hgr.random100	graphred15	896308	303617	896308	57064358	0	0	138181	9.55136	1002	1072224
ISPD98_ibm11.hgr.random100	graphred15	70558	81454	70558	508442	34392	209219	10369	1.34177	21	30720
ISPD98_ibm11.hgr.random100	graphred15	70558	81454	70558	508442	34392	209219	10369	1.32760	203	30720
ISPD98_ibm11.hgr.random100	graphred15	70558	81454	70558	508442	34392	209219	10369	1.30992	1002	30720
ISPD98_ibm12.hgr.random100	graphred15	71076	77240	71076	748371	24953	178028	12649	1.40875	1	34816
ISPD98_ibm12.hgr.random100	graphred15	71076	77240	71076	748371	24953	178028	12649	1.42170	21	34816
ISPD98_ibm12.hgr.random100	graphred15	71076	77240	71076	748371	24953	178028	12649	1.38522	203	34816
ISPD98_ibm12.hgr.random100	graphred15	71076	77240	71076	748371	24953	178028	12649	1.37692	1002	34816
kron_g500-logn16.mtx.hgr.random100.rendered	graphred15	65536	55321	65536	486364995	0	0	14103	101.94211	1	7668736
lhr14.mtx.hgr.random100	graphred15	14270	14270	14270	572463	15	20	4307	0.08479	1	19456
kron_g500-logn16.mtx.hgr.random100.rendered	graphred15	65536	55321	65536	486364995	0	0	14103	102.99934	21	7668736
lhr14.mtx.hgr.random100	graphred15	14270	14270	14270	572463	15	20	4307	0.07650	21	19456
lhr14.mtx.hgr.random100	graphred15	14270	14270	14270	572463	15	20	4307	0.07810	203	19456
kron_g500-logn16.mtx.hgr.random100.rendered	graphred15	65536	55321	65536	486364995	0	0	14103	102.45514	203	7668736
lhr14.mtx.hgr.random100	graphred15	14270	14270	14270	572463	15	20	4307	0.07539	1002	19456
kron_g500-logn16.mtx.hgr.random100.rendered	graphred15	65536	55321	65536	486364995	0	0	14103	102.92789	1002	7667712
lp_pds_20.mtx.hgr.random100	graphred15	108175	33798	108175	1325891	60816	626886	6380	0.23951	1	52564
lp_pds_20.mtx.hgr.random100	graphred15	108175	33798	108175	1325891	60816	626886	6380	0.23603	21	53460
lp_pds_20.mtx.hgr.random100	graphred15	108175	33798	108175	1325891	60816	626886	6380	0.23634	203	53460
lp_pds_20.mtx.hgr.random100	graphred15	108175	33798	108175	1325891	60816	626886	6380	0.23544	1002	52560
m14b.mtx.hgr.random100	graphred15	214765	214765	214765	8084826	180553	5759682	0	4.82795	1	270624
msc10848.mtx.hgr.random100	graphred15	10848	10848	10848	3087399	119	282	43	0.58431	1	68608
m14b.mtx.hgr.random100	graphred15	214765	214765	214765	8084826	180553	5759682	0	4.83439	21	270320
msc10848.mtx.hgr.random100	graphred15	10848	10848	10848	3087399	119	282	43	0.59101	21	68608
msc10848.mtx.hgr.random100	graphred15	10848	10848	10848	3087399	119	282	43	0.59332	203	68608
m14b.mtx.hgr.random100	graphred15	214765	214765	214765	8084826	180553	5759682	0	4.80320	203	270628
msc10848.mtx.hgr.random100	graphred15	10848	10848	10848	3087399	119	282	43	0.58673	1002	68608
m14b.mtx.hgr.random100	graphred15	214765	214765	214765	8084826	180553	5759682	0	5.17207	1002	270628
mult_dcop_01.mtx.hgr.random100.rendered	graphred15	25187	25187	25187	259188097	0	0	1540	57.17581	1	4060160
mult_dcop_01.mtx.hgr.random100.rendered	graphred15	25187	25187	25187	259188097	0	0	1540	57.06756	21	4060160
mult_dcop_01.mtx.hgr.random100.rendered	graphred15	25187	25187	25187	259188097	0	0	1540	57.14628	203	4060160
mult_dcop_01.mtx.hgr.random100.rendered	graphred15	25187	25187	25187	259188097	0	0	1540	57.34160	1002	4060160
NotreDame_actors.mtx.hgr.random100	graphred15	127823	383640	127823	20490112	10770	99421	17457	3.64425	1	378880
NotreDame_actors.mtx.hgr.random100	graphred15	127823	383640	127823	20490112	10770	99421	17457	3.59463	21	378880
NotreDame_actors.mtx.hgr.random100	graphred15	127823	383640	127823	20490112	10770	99421	17457	3.57849	203	378880
NotreDame_actors.mtx.hgr.random100	graphred15	127823	383640	127823	20490112	10770	99421	17457	3.55710	1002	378880
pdb1HYS.mtx.hgr.random100	graphred15	36417	36417	36417	9779082	6899	495181	17	3.05162	1	219136
poli3.mtx.hgr.random100	graphred15	16955	16955	16955	350534	0	0	3523	0.03713	1	13312
pdb1HYS.mtx.hgr.random100	graphred15	36417	36417	36417	9779082	6899	495181	17	3.02484	21	219136
poli3.mtx.hgr.random100	graphred15	16955	16955	16955	350534	0	0	3523	0.02645	21	13312
pdb1HYS.mtx.hgr.random100	graphred15	36417	36417	36417	9779082	6899	495181	17	3.03916	203	219136
pdb1HYS.mtx.hgr.random100	graphred15	36417	36417	36417	9779082	6899	495181	17	3.03559	1002	219136
poli3.mtx.hgr.random100	graphred15	16955	16955	16955	350534	0	0	3523	0.03373	203	13312
poli3.mtx.hgr.random100	graphred15	16955	16955	16955	350534	0	0	3523	0.03351	1002	13312
psse2.mtx.hgr.random100	graphred15	11028	28634	11028	41162	18	18	3089	0.01284	1	10240
psse2.mtx.hgr.random100	graphred15	11028	28634	11028	41162	18	18	3089	0.01215	21	10240
psse2.mtx.hgr.random100	graphred15	11028	28634	11028	41162	18	18	3089	0.01275	203	10240
psse2.mtx.hgr.random100	graphred15	11028	28634	11028	41162	18	18	3089	0.01241	1002	10240
rgg_n_2_18_s0.mtx.hgr.random100	graphred15	262144	262141	262144	4458577	150307	1488882	455	7.16575	1	167284
rgg_n_2_18_s0.mtx.hgr.random100	graphred15	262144	262141	262144	4458577	150307	1488882	455	7.27961	21	167236
rgg_n_2_18_s0.mtx.hgr.random100	graphred15	262144	262141	262144	4458577	150307	1488882	455	7.17826	203	166556
sat14_6s11-opt.cnf.hgr.random100	graphred15	66552	97312	66552	161684	4173	6079	28269	0.93468	1	23552
sat14_6s11-opt.cnf.hgr.random100	graphred15	66552	97312	66552	161684	4173	6079	28269	0.93668	21	23552
rgg_n_2_18_s0.mtx.hgr.random100	graphred15	262144	262141	262144	4458577	150307	1488882	455	7.27582	1002	167288
sat14_6s11-opt.cnf.hgr.random100	graphred15	66552	97312	66552	161684	4173	6079	28269	0.92821	203	23552
sat14_6s11-opt.cnf.hgr.random100	graphred15	66552	97312	66552	161684	4173	6079	28269	0.91396	1002	23552
sat14_6s12.cnf.hgr.random100	graphred15	68066	99580	68066	165345	10055	15334	26388	1.01027	1	23552
sat14_6s12.cnf.hgr.random100	graphred15	68066	99580	68066	165345	10055	15334	26388	1.01922	21	23552
sat14_6s12.cnf.hgr.random100	graphred15	68066	99580	68066	165345	10055	15334	26388	1.01016	203	23552
sat14_6s12.cnf.hgr.random100	graphred15	68066	99580	68066	165345	10055	15334	26388	1.01149	1002	23552
sat14_6s130-opt.cnf.hgr.random100	graphred15	98654	144361	98654	240044	5576	7892	42996	1.16653	1	32768
sat14_6s130-opt.cnf.hgr.random100	graphred15	98654	144361	98654	240044	5576	7892	42996	1.17282	21	32768
sat14_6s130-opt.cnf.hgr.random100	graphred15	98654	144361	98654	240044	5576	7892	42996	1.24739	203	32768
sat14_6s130-opt.cnf.hgr.random100	graphred15	98654	144361	98654	240044	5576	7892	42996	1.16401	1002	32768
sat14_6s130-opt.cnf.primal.hgr.random100	graphred15	49327	144361	49327	137440	20623	42506	9978	0.24090	1	24576
sat14_6s130-opt.cnf.primal.hgr.random100	graphred15	49327	144361	49327	137440	20623	42506	9978	0.24541	21	24576
sat14_6s130-opt.cnf.primal.hgr.random100	graphred15	49327	144361	49327	137440	20623	42506	9978	0.24121	203	24576
sat14_6s130-opt.cnf.primal.hgr.random100	graphred15	49327	144361	49327	137440	20623	42506	9978	0.23968	1002	24576
sat14_6s133.cnf.primal.hgr.random100	graphred15	48215	140968	48215	133638	21990	44026	8987	0.12089	1	23552
sat14_6s133.cnf.primal.hgr.random100	graphred15	48215	140968	48215	133638	21990	44026	8987	0.12145	21	23552
sat14_6s133.cnf.primal.hgr.random100	graphred15	48215	140968	48215	133638	21990	44026	8987	0.12098	203	23552
sat14_6s133.cnf.primal.hgr.random100	graphred15	48215	140968	48215	133638	21990	44026	8987	0.12009	1002	23552
sat14_6s16.cnf.primal.hgr.random100	graphred15	31483	91888	31483	87393	15758	32592	5101	0.13056	1	17408
sat14_6s16.cnf.primal.hgr.random100	graphred15	31483	91888	31483	87393	15758	32592	5101	0.13207	21	17408
sat14_6s16.cnf.primal.hgr.random100	graphred15	31483	91888	31483	87393	15758	32592	5101	0.13093	203	17408
sat14_6s16.cnf.primal.hgr.random100	graphred15	31483	91888	31483	87393	15758	32592	5101	0.13126	1002	17408
dac2012_superblue6.hgr.random100	graphred15	1011662	1006629	1011662	94699919	211659	11352757	197433	616.59254	1	1839244
dac2012_superblue6.hgr.random100	graphred15	1011662	1006629	1011662	94699919	211659	11352757	197433	616.19272	21	1839972
sat14_6s184.cnf.hgr.random100	graphred15	66730	97516	66730	161898	11058	17977	25372	0.98757	1	23552
sat14_6s184.cnf.hgr.random100	graphred15	66730	97516	66730	161898	11058	17977	25372	0.98226	21	23552
sat14_6s184.cnf.hgr.random100	graphred15	66730	97516	66730	161898	11058	17977	25372	1.01497	203	22528
sat14_6s184.cnf.hgr.random100	graphred15	66730	97516	66730	161898	11058	17977	25372	0.98805	1002	23552
dac2012_superblue6.hgr.random100	graphred15	1011662	1006629	1011662	94699919	211659	11352757	197433	620.69448	203	1839972
dac2012_superblue6.hgr.random100	graphred15	1011662	1006629	1011662	94699919	211659	11352757	197433	619.58919	1002	1839976
sat14_ACG-20-10p1.cnf.dual.hgr.random100	graphred15	1632906	381708	1632906	30673242	1037403	10169945	13149	5.83318	1	905612
sat14_ACG-20-10p1.cnf.dual.hgr.random100	graphred15	1632906	381708	1632906	30673242	1037403	10169945	13149	5.78290	21	905600
sat14_ACG-20-10p1.cnf.dual.hgr.random100	graphred15	1632906	381708	1632906	30673242	1037403	10169945	13149	5.73472	203	905612
sat14_ACG-20-10p1.cnf.dual.hgr.random100	graphred15	1632906	381708	1632906	30673242	1037403	10169945	13149	5.72351	1002	905144
sat14_AProVE07-27.cnf.dual.hgr.random100	graphred15	29194	7729	29194	5967170	4652	16534	1195	21.77591	1	103424
sat14_AProVE07-27.cnf.dual.hgr.random100	graphred15	29194	7729	29194	5967170	4652	16534	1195	22.01429	21	103424
sat14_AProVE07-27.cnf.dual.hgr.random100	graphred15	29194	7729	29194	5967170	4652	16534	1195	21.41235	203	103424
sat14_AProVE07-27.cnf.dual.hgr.random100	graphred15	29194	7729	29194	5967170	4652	16534	1195	21.72523	1002	103424
dac2012_superblue7.hgr.random100	graphred15	1360217	1340418	1360217	153714989	150240	5390378	257880	465.79103	1	2776340
dac2012_superblue7.hgr.random100	graphred15	1360217	1340418	1360217	153714989	150240	5390378	257880	466.08541	21	2776340
dac2012_superblue7.hgr.random100	graphred15	1360217	1340418	1360217	153714989	150240	5390378	257880	466.84399	203	2775536
dac2012_superblue7.hgr.random100	graphred15	1360217	1340418	1360217	153714989	150240	5390378	257880	465.12127	1002	2776344
sat14_atco_enc1_opt2_10_12.cnf.dual.hgr.random100	graphred15	147853	9495	147853	65267498	58119	10746763	1502	12.36306	1	1183112
sat14_atco_enc1_opt2_10_12.cnf.dual.hgr.random100	graphred15	147853	9495	147853	65267498	58119	10746763	1502	12.41967	21	1183124
sat14_dated-10-11-u.cnf.hgr.random100	graphred15	283720	629461	283720	1163511	26977	196866	81041	0.16424	1	109500
sat14_atco_enc1_opt2_10_12.cnf.dual.hgr.random100	graphred15	147853	9495	147853	65267498	58119	10746763	1502	12.40493	203	1182292
sat14_dated-10-11-u.cnf.hgr.random100	graphred15	283720	629461	283720	1163511	26977	196866	81041	0.16095	21	109552
sat14_atco_enc1_opt2_10_12.cnf.dual.hgr.random100	graphred15	147853	9495	147853	65267498	58119	10746763	1502	12.40552	1002	1183120
sat14_dated-10-11-u.cnf.hgr.random100	graphred15	283720	629461	283720	1163511	26977	196866	81041	0.16063	203	109548
sat14_dated-10-11-u.cnf.hgr.random100	graphred15	283720	629461	283720	1163511	26977	196866	81041	0.15964	1002	109548
sat14_dated-10-17-u.cnf.hgr.random100	graphred15	459088	1070757	459088	2036049	50155	496220	129101	0.31486	1	181248
sat14_bob12m09-opt.cnf.dual.hgr.random100	graphred15	152446	51144	152446	10738809	101583	2743101	2	11.33163	1	232584
sat14_dated-10-17-u.cnf.hgr.random100	graphred15	459088	1070757	459088	2036049	50155	496220	129101	0.31314	21	181248
sat14_dated-10-17-u.cnf.hgr.random100	graphred15	459088	1070757	459088	2036049	50155	496220	129101	0.31232	203	181248
sat14_bob12m09-opt.cnf.dual.hgr.random100	graphred15	152446	51144	152446	10738809	101583	2743101	2	11.50396	21	233848
sat14_dated-10-17-u.cnf.hgr.random100	graphred15	459088	1070757	459088	2036049	50155	496220	129101	0.31190	1002	181248
sat14_bob12m09-opt.cnf.dual.hgr.random100	graphred15	152446	51144	152446	10738809	101583	2743101	2	11.22768	203	233848
sat14_bob12m09-opt.cnf.dual.hgr.random100	graphred15	152446	51144	152446	10738809	101583	2743101	2	11.19123	1002	233448
sat14_E02F22.cnf.primal.hgr.random100	graphred15	13574	1301188	13574	226138	13450	222192	0	1.53445	1	179200
sat14_E02F22.cnf.primal.hgr.random100	graphred15	13574	1301188	13574	226138	13450	222192	0	1.51022	21	179200
sat14_E02F22.cnf.primal.hgr.random100	graphred15	13574	1301188	13574	226138	13450	222192	0	1.49747	203	179200
sat14_E02F22.cnf.primal.hgr.random100	graphred15	13574	1301188	13574	226138	13450	222192	0	1.57505	1002	179200
sat14_manol-pipe-c10nid_i.cnf.primal.hgr.random100	graphred15	252516	750877	252516	713279	119135	250442	41579	10.54103	1	107520
sat14_MD5-30-5.cnf.dual.hgr.random100	graphred15	68103	8905	68103	4878256	12890	87671	11	0.42062	1	94208
sat14_manol-pipe-c10nid_i.cnf.primal.hgr.random100	graphred15	252516	750877	252516	713279	119135	250442	41579	10.25096	21	107520
sat14_MD5-30-5.cnf.dual.hgr.random100	graphred15	68103	8905	68103	4878256	12890	87671	11	0.41158	21	94208
sat14_manol-pipe-c10nid_i.cnf.primal.hgr.random100	graphred15	252516	750877	252516	713279	119135	250442	41579	10.55150	203	107520
sat14_MD5-30-5.cnf.dual.hgr.random100	graphred15	68103	8905	68103	4878256	12890	87671	11	0.41251	203	94208
sat14_manol-pipe-c10nid_i.cnf.primal.hgr.random100	graphred15	252516	750877	252516	713279	119135	250442	41579	10.37091	1002	106496
sat14_MD5-30-5.cnf.dual.hgr.random100	graphred15	68103	8905	68103	4878256	12890	87671	11	0.41161	1002	94208
sat14_atco_enc1_opt2_05_4.cnf.dual.hgr.random100	graphred15	386163	14636	386163	363318742	126654	20775991	1958	69.62164	1	6016100
sat14_openstacks-p30_3.085-SAT.cnf.hgr.random100	graphred15	643132	1643601	643132	11986190	67834	1569168	154727	9.92393	1	423632
sat14_atco_enc1_opt2_05_4.cnf.dual.hgr.random100	graphred15	386163	14636	386163	363318742	126654	20775991	1958	69.57131	21	6016096
sat14_openstacks-p30_3.085-SAT.cnf.hgr.random100	graphred15	643132	1643601	643132	11986190	67834	1569168	154727	9.99126	21	423628
sat14_atco_enc1_opt2_05_4.cnf.dual.hgr.random100	graphred15	386163	14636	386163	363318742	126654	20775991	1958	69.66177	203	6015140
sat14_atco_enc1_opt2_05_4.cnf.dual.hgr.random100	graphred15	386163	14636	386163	363318742	126654	20775991	1958	69.22334	1002	6016100
sat14_openstacks-p30_3.085-SAT.cnf.hgr.random100	graphred15	643132	1643601	643132	11986190	67834	1569168	154727	9.87037	203	422932
sat14_openstacks-p30_3.085-SAT.cnf.hgr.random100	graphred15	643132	1643601	643132	11986190	67834	1569168	154727	9.91411	1002	423628
sat14_manol-pipe-c10nidw.cnf.dual.hgr.random100	graphred15	1291714	433601	1291714	100137024	860669	25541952	153	314.04563	1	2072512
sat14_manol-pipe-c10nidw.cnf.dual.hgr.random100	graphred15	1291714	433601	1291714	100137024	860669	25541952	153	311.54937	203	2072508
sat14_manol-pipe-c10nidw.cnf.dual.hgr.random100	graphred15	1291714	433601	1291714	100137024	860669	25541952	153	315.42858	21	2072508
sat14_manol-pipe-c10nidw.cnf.dual.hgr.random100	graphred15	1291714	433601	1291714	100137024	860669	25541952	153	319.35529	1002	2072512
sat14_q_query_3_L100_coli.sat.cnf.primal.hgr.random100	graphred15	315617	1522583	315617	1654773	222673	1038568	31667	29.80962	1	200424
sat14_q_query_3_L100_coli.sat.cnf.primal.hgr.random100	graphred15	315617	1522583	315617	1654773	222673	1038568	31667	30.04852	21	201172
sat14_q_query_3_L100_coli.sat.cnf.primal.hgr.random100	graphred15	315617	1522583	315617	1654773	222673	1038568	31667	29.43701	203	201128
sat14_q_query_3_L100_coli.sat.cnf.primal.hgr.random100	graphred15	315617	1522583	315617	1654773	222673	1038568	31667	30.87990	1002	201172
dac2012_superblue9.hgr.random100	graphred15	844332	833808	844332	217262717	95342	8572987	168679	1288.89118	1	3717924
sat14_SAT_dat.k75-24_1_rule_3.cnf.primal.hgr.random100	graphred15	1213331	4754042	1213331	5626175	377934	750202	317433	7.69564	1	622708
dac2012_superblue9.hgr.random100	graphred15	844332	833808	844332	217262717	95342	8572987	168679	1295.24775	21	3717924
dac2012_superblue9.hgr.random100	graphred15	844332	833808	844332	217262717	95342	8572987	168679	1293.56962	203	3717928
sat14_SAT_dat.k75-24_1_rule_3.cnf.primal.hgr.random100	graphred15	1213331	4754042	1213331	5626175	377934	750202	317433	7.70401	21	622708
sat14_SAT_dat.k75-24_1_rule_3.cnf.primal.hgr.random100	graphred15	1213331	4754042	1213331	5626175	377934	750202	317433	7.69040	203	622704
dac2012_superblue9.hgr.random100	graphred15	844332	833808	844332	217262717	95342	8572987	168679	1291.55742	1002	3717924
sat14_SAT_dat.k75-24_1_rule_3.cnf.primal.hgr.random100	graphred15	1213331	4754042	1213331	5626175	377934	750202	317433	7.68955	1002	622708
sat14_SAT_dat.k85-24_1_rule_3.cnf.hgr.random100	graphred15	2712808	5395102	2712808	10949389	1694059	4340759	413237	60.50697	1	1045932
sat14_SAT_dat.k85-24_1_rule_3.cnf.hgr.random100	graphred15	2712808	5395102	2712808	10949389	1694059	4340759	413237	60.47265	21	1045936
sat14_SAT_dat.k85-24_1_rule_3.cnf.hgr.random100	graphred15	2712808	5395102	2712808	10949389	1694059	4340759	413237	60.32105	203	1045936
sat14_SAT_dat.k85-24_1_rule_3.cnf.hgr.random100	graphred15	2712808	5395102	2712808	10949389	1694059	4340759	413237	60.38029	1002	1045936
sat14_SAT_dat.k95-24_1_rule_3.cnf.primal.hgr.random100	graphred15	1540071	6036162	1540071	7142935	480494	953622	402433	9.76031	1	787800
sat14_slp-synthesis-aes-top29.cnf.primal.hgr.random100	graphred15	94998	302862	94998	6386470	0	0	32017	0.67021	1	138240
sat14_SAT_dat.k95-24_1_rule_3.cnf.primal.hgr.random100	graphred15	1540071	6036162	1540071	7142935	480494	953622	402433	9.75133	21	787796
sat14_slp-synthesis-aes-top29.cnf.primal.hgr.random100	graphred15	94998	302862	94998	6386470	0	0	32017	0.68747	21	138240
sat14_slp-synthesis-aes-top29.cnf.primal.hgr.random100	graphred15	94998	302862	94998	6386470	0	0	32017	0.68988	203	138240
sat14_SAT_dat.k95-24_1_rule_3.cnf.primal.hgr.random100	graphred15	1540071	6036162	1540071	7142935	480494	953622	402433	9.74313	203	787800
sat14_slp-synthesis-aes-top29.cnf.primal.hgr.random100	graphred15	94998	302862	94998	6386470	0	0	32017	0.69160	1002	138240
sat14_SAT_dat.k95-24_1_rule_3.cnf.primal.hgr.random100	graphred15	1540071	6036162	1540071	7142935	480494	953622	402433	9.75064	1002	787800
sat14_UCG-15-10p1.cnf.hgr.random100	graphred15	400006	1019221	400006	2077960	55167	546021	127051	0.38056	1	176424
sat14_UCG-15-10p1.cnf.hgr.random100	graphred15	400006	1019221	400006	2077960	55167	546021	127051	0.37622	21	176440
sat14_UCG-15-10p1.cnf.hgr.random100	graphred15	400006	1019221	400006	2077960	55167	546021	127051	0.37483	203	176440
sat14_UCG-15-10p1.cnf.hgr.random100	graphred15	400006	1019221	400006	2077960	55167	546021	127051	0.37630	1002	176436
sat14_UCG-15-10p1.cnf.primal.hgr.random100	graphred15	200003	1019221	200003	1400466	155379	853234	703	0.56576	1	137912
sat14_UCG-15-10p1.cnf.primal.hgr.random100	graphred15	200003	1019221	200003	1400466	155379	853234	703	0.56597	21	137912
sat14_UCG-15-10p1.cnf.primal.hgr.random100	graphred15	200003	1019221	200003	1400466	155379	853234	703	0.57791	203	137776
sat14_UCG-15-10p1.cnf.primal.hgr.random100	graphred15	200003	1019221	200003	1400466	155379	853234	703	0.56003	1002	137916
shermanACb.mtx.hgr.random100.rendered	graphred15	18510	18510	18510	74214440	0	0	1912	10.90545	1	1168384
shermanACb.mtx.hgr.random100.rendered	graphred15	18510	18510	18510	74214440	0	0	1912	10.90808	21	1168384
shermanACb.mtx.hgr.random100.rendered	graphred15	18510	18510	18510	74214440	0	0	1912	10.91478	203	1168384
shermanACb.mtx.hgr.random100.rendered	graphred15	18510	18510	18510	74214440	0	0	1912	10.92045	1002	1168384
ship_001.mtx.hgr.random100	graphred15	34920	34920	34920	12782809	3133	96045	7	2.84723	1	264192
ship_001.mtx.hgr.random100	graphred15	34920	34920	34920	12782809	3133	96045	7	2.82417	21	264192
ship_001.mtx.hgr.random100	graphred15	34920	34920	34920	12782809	3133	96045	7	2.84632	203	264192
sls.mtx.hgr.random100	graphred15	62729	1748122	62729	2328114	62239	1539551	200	0.95962	1	207144
ship_001.mtx.hgr.random100	graphred15	34920	34920	34920	12782809	3133	96045	7	2.84706	1002	264192
sls.mtx.hgr.random100	graphred15	62729	1748122	62729	2328114	62239	1539551	200	0.94587	21	207088
sls.mtx.hgr.random100	graphred15	62729	1748122	62729	2328114	62239	1539551	200	0.93401	203	207144
sls.mtx.hgr.random100	graphred15	62729	1748122	62729	2328114	62239	1539551	200	0.94871	1002	207088
soc-sign-epinions.mtx.hgr.random100	graphred15	131828	95318	131828	37006897	0	0	70473	5.56504	1	614400
soc-sign-epinions.mtx.hgr.random100	graphred15	131828	95318	131828	37006897	0	0	70473	5.57952	21	614400
soc-sign-epinions.mtx.hgr.random100	graphred15	131828	95318	131828	37006897	0	0	70473	5.60887	203	614400
soc-sign-epinions.mtx.hgr.random100	graphred15	131828	95318	131828	37006897	0	0	70473	5.61643	1002	614400
TSOPF_FS_b162_c3.mtx.hgr.random100.rendered	graphred15	30798	30798	30798	116851989	0	0	7556	62.45720	1	1854464
TSOPF_FS_b162_c3.mtx.hgr.random100.rendered	graphred15	30798	30798	30798	116851989	0	0	7556	62.58161	21	1854464
TSOPF_FS_b162_c3.mtx.hgr.random100.rendered	graphred15	30798	30798	30798	116851989	0	0	7556	62.40293	203	1854464
xenon2.mtx.hgr.random100	graphred15	157464	157464	157464	6939873	51656	747917	99	1.69973	1	183776
xenon2.mtx.hgr.random100	graphred15	157464	157464	157464	6939873	51656	747917	99	1.72360	21	183780
TSOPF_FS_b162_c3.mtx.hgr.random100.rendered	graphred15	30798	30798	30798	116851989	0	0	7556	62.56055	1002	1854464
xenon2.mtx.hgr.random100	graphred15	157464	157464	157464	6939873	51656	747917	99	1.70326	203	182776
xenon2.mtx.hgr.random100	graphred15	157464	157464	157464	6939873	51656	747917	99	1.71280	1002	182772
sat14_q_query_3_L150_coli.sat.cnf.hgr.random100	graphred15	973984	2456708	973984	5430512	108208	504814	450374	2320.04377	1	416208
sat14_q_query_3_L150_coli.sat.cnf.hgr.random100	graphred15	973984	2456708	973984	5430512	108208	504814	450374	2458.46439	21	417188
sat14_q_query_3_L150_coli.sat.cnf.hgr.random100	graphred15	973984	2456708	973984	5430512	108208	504814	450374	2459.45650	203	417188
sat14_q_query_3_L150_coli.sat.cnf.hgr.random100	graphred15	973984	2456708	973984	5430512	108208	504814	450374	2455.46729	1002	417184
sat14_post-cbmc-aes-ee-r2-noholes.cnf.dual.hgr.random100	graphred15	1575975	266199	1575975	446518601	871217	124000576	56220	3659.46560	203	8321512
sat14_post-cbmc-aes-ee-r2-noholes.cnf.dual.hgr.random100	graphred15	1575975	266199	1575975	446518601	871217	124000576	56220	3670.27090	21	8321512
sat14_post-cbmc-aes-ee-r2-noholes.cnf.dual.hgr.random100	graphred15	1575975	266199	1575975	446518601	871217	124000576	56220	3672.44678	1	8321564
sat14_post-cbmc-aes-ee-r2-noholes.cnf.dual.hgr.random100	graphred15	1575975	266199	1575975	446518601	871217	124000576	56220	3678.99326	1002	8322168
sat14_post-cbmc-aes-d-r2-noholes.cnf.dual.hgr.random100	graphred15	1607567	276895	1607567	453121947	878768	124613972	58591	3706.83738	1	8427188
sat14_post-cbmc-aes-d-r2-noholes.cnf.dual.hgr.random100	graphred15	1607567	276895	1607567	453121947	878768	124613972	58591	3713.34266	21	8427184
sat14_post-cbmc-aes-d-r2-noholes.cnf.dual.hgr.random100	graphred15	1607567	276895	1607567	453121947	878768	124613972	58591	3713.26580	203	8427812
sat14_post-cbmc-aes-d-r2-noholes.cnf.dual.hgr.random100	graphred15	1607567	276895	1607567	453121947	878768	124613972	58591	3714.11896	1002	8427812
